epoch,sequence,score
0,AGCCACCGGU,0.07575757575757576
0,CCUGGUUUUAG,0.109375
0,GGGACUCUCAAAGGGUCUAACUAUUGCUUGUGAAUCGUGGCAAUGCUGUUGUACUUCCCGGUGUGCUGUAUAGAGGACAAAUCACCAGGCCCU,0.08602150537634409
0,GGUAGCCCUCUGUUUCUACACU,0.109375
0,GACACGUGGGCUAUACUCCACAAAGGGGAGGUCUAGCUCCCCUGGGGCACCUGCAGGUGGGACUUACGACCUGUCACAAGAGAGAACAG,0.0898876404494382
0,CGGAUCGAGCACCUCGGCUCUGCAACAAAUCCGGAUGACUCCGGACUGAGGCGCGCUAUAA,0.11475409836065574
0,CAGUAACUUGUCCAAAAGGA,0.08450704225352113
0,AUGUUUGACUUAGACUCAUUUAUUACUGUUGUGGAGCCUCCUCUCUACCCACAAAACAAUACAGGCUACGGCCACCUGUGACUCGGCGUGGGGUCUUGUA,0.08
0,AUCCACUGUGCUCUGUAAUGCCA,0.12307692307692308
0,GUACUAACGUGAACAUUGAGAUAAGUUUGCAAUCGAAGGAGUGAUCGAUUCUGGC,0.1044776119402985
0,CAGAACUUAAAGACCGAGCCGACUUGGAUAUCAACGGUGCGCUACGGUGAGUGAGGUUC,0.0958904109589041
0,GACGCGCACGCGUAGCGAGCCGAGGCAUAAAUGAUAAAACGGGAGCUGCGCAACAUGA,0.125
0,AGUACGUCGGUGGGA,0.06896551724137931
0,UACAGAAACAACUUGGAUUAUGGCGGUCAGCAAGAGCCACCUAUAUCUCCCGCGUUUAGGAUGGCUACGG,0.11428571428571428
0,CUAGACAUGGAUCUGUACGCACAGUUUGGUCGUCCAGCAUAGCCUACGCCUUAACAUUUUGGUGUCGUAGGCCAUUGGCCUGACCCUCCGG,0.08791208791208792
0,AAUAACUGGGGUGGAACGACUCCUCACGUCGUAGGACACGCUGCUUUAAUAGAGGCGGACCGAAGCUAGUCGCCGC,0.07894736842105263
0,ACAAUGGAGAUCGUUAGUGUAUCACAACAUAAGUUGU,0.09375
0,GGUCUCAUCCCGCAGUAUCGCUUUUGUCCGUGGAGUUUCUAUGUCGCUGCCUGUGGCGCAUGCCAUGGGGUUUCAUAUGAG,0.08641975308641975
0,AUUUGUUGCUCAUCAGAACCGAGACAGAUCGCCUCCUCCUAACUGACGAGUUUCGGUCCACU,0.1044776119402985
0,AUAAAAUCUCAGGGAUAUGAUAGGGCCCU,0.0967741935483871
0,GGGUUUCGUAACAAACCCCUCCGGCCCAGCGGGAAACUUGGGGCAAAUCAGGUAACCGGCCACUGCGUGGUGAGUUCGGUCCAAUCAUUUUCUAUA,0.07291666666666667
0,GGGUCUCCUGCGCAGAUCUAGGCGGG,0.07692307692307693
0,GUUUGCCCGAGCAAUUUUGAUGACACAUUUGCGGGACGAGCGUACACGGGCAUGAUCGCGCGGAAGAUCGACCCUUGGAUCUCAACGCCCCCUUGCCGG,0.0707070707070707
0,CAACCCACGCGAUAUAGGAGAGAGAUCACGCCCACCUCCUGCAGUUAAGGGUCUG,0.10344827586206896
0,GGAUAGAGCUGCAAAAAGGCCCGGUGGCAUUCGAUUAUAUAGCUAGGCCACGAGAGACUACCAGCCGAUCCAUGAUUCUCCGAAUCGGA,0.07865168539325842
0,CGUAUAUUACGCACUGACCCUGUGCACGGAGCCUGCUAA,0.11290322580645161
0,AAUCAGGCAUCAAAUCAUUUCUAUCCAUCGUGCCCCAGUUAC,0.10526315789473684
0,CCGAAGCAGCUAU,0.10526315789473684
0,GGCAGACCCAUGCCUUCAUGAGCCUUUACGCCAAUCACCACG,0.08955223880597014
0,ACGGUUAUUCCCGACAAUGAGAAAUGCCAGAUUAGAGCAAUAGCCAUUUUCCUACUCUGCGACAUAAGCUGUA,0.0958904109589041
0,GCGAACGUCUUUGCACUACUGCCACCCUGGGU,0.0821917808219178
0,CUAUCACUACACCUCAAAAAGUUUUCGGCGGGUUUAGCACAACUAGACUUCUUCUGGCCGAUAGCGUGGGCACGCGGAGC,0.0875
0,AACGGAUUACCGCCGAUAAUCGCUCACGGA,0.09090909090909091
0,GUCUACCGACUUCGACCUAGUGGCAUGUCAUUCACAGGCACAGUUAGGUGGCCACUCUUAGGGCCCGGCGUCUGCGCUCGUGGACUCGUGUCUUCGCUA,0.0707070707070707
0,AUGCCAUUAGCACUAC,0.08771929824561403
0,CACUCACUA,0.06315789473684211
0,UAGUCUGCAAUCGGACGCAUAGUUGCGGAUCCUGCGAGUUGAUACAGGCG,0.10526315789473684
0,AAUAGGAAA,0.08771929824561403
0,GGGCCUAGCUCACAAUUACAAGCACAAGAUAAACUUUUGGCACCCGAUCUAGCACCUGCUC,0.1232876712328767
0,GGAAAAGAG,0.10526315789473684
0,GUUAAAAUAGAAAUAAGUCACUGACCCAUCUGUUGGGAUGUUGGGUGUCGCGAGUGCGUCAUUCCUGUGUUUGAUAAAUGGAUCGAGCA,0.0898876404494382
0,UGUCCAUGCGACUGCAUAAGGCUUCAAGCUGGCAUGUUAGUCGGGCGCGUUCAUGAACUAC,0.11290322580645161
0,ACGCAUGCUGGUGCUGAACGAAGGAGUUAGAU,0.0967741935483871
0,UCUAUCAAGCUUUGUACCUUCACAAAACUCCCCGUUGGAGGGUUGAUGCCCUGAAUCUACCAGCUCCGAACACAGA,0.09210526315789473
0,AUCGCUAAGUUCUCGAAUGGUCGGAAGAUGACCAAACGUAAGACGUCAUAA,0.10344827586206896
0,UUGUGGUAAUAGGCUGCCAGUUCCUGUUACAGAGGUACCACGGUUUAGAUAUGCCAUCAUGAUAAAAG,0.10294117647058823
0,AGACCAGAUCGAUGUAGUAUCGGUGCACUGUCAAGUAUGAGCGAUCCAAAACUGAAG,0.13793103448275862
0,GAAUUCCGCGCGUGGAUAUCAGGAAAUCUGAAGAAAACAUCGAAGAAGACUCUAGGGCGUAGCCUGAGG,0.10144927536231885
0,GGAACAGCUUGCGA,0.09375
0,CUCUCAGCGCAGUGCCU,0.08771929824561403
0,UGCAUUCCCACGGGCAAGUCGUGCUAG,0.10526315789473684
0,AGAUACCACAUCCAGAAAGCGGACUUUUGAUUUGUACCCACUAGGCCUGAUUCUCAAAAACUCAUACCAAAGCUACCACUAUGCCUUUCAUCAGGUG,0.08247422680412371
0,GUGCGGAGUCGCUCCCGAUAAAAUAGGGAUUCACUCUGUAACGGGGGGUGGACG,0.11290322580645161
0,UUCCGUAAUUGAGCAUUAGAUGCCUGGGAGUCCUAAUCAUAGCACGCUAAAUGAACGUCAAUUUCCUCGAUGUACUCUGGGCAGC,0.09411764705882353
0,GAUGCAUACAAGCGUAGAUG,0.08771929824561403
0,CGGGCAGCCCCUCUUCACGGGUCAUGCUUUAGCUGCAGCGUGCUCUUUGGUAGUUGAAG,0.109375
0,UUAUGGCAUAGUA,0.08620689655172414
0,UGCCACCCGGGUCGUACACUUUAGAUCA,0.08064516129032258
0,GUCAAUCGAGGUCAAUCCGGGC,0.0958904109589041
0,UUUCACCAUUUGCCCGUAUGAAGCUC,0.11940298507462686
0,GAGCCUGUAAAUGGAACCCGAUCAGCGAUUAAACGCCAUCUGGUAGUUGG,0.1076923076923077
0,CGCCAGUAUCGUUCAUAUCCCGCGCC,0.08620689655172414
0,AUACAUUCAGCUCCAUCCUCCAGUGCUCGCAAGGCACUGAGAUCUUAACACCAGCUACGGCGCAAA,0.07575757575757576
0,AAUAAGG,0.07246376811594203
0,UCUACAAAACACCGGUUUGCAUGUGGAACGGAUCUCUGUCGUGAA,0.0967741935483871
0,AGGCUU,0.078125
0,UCUACCGUU,0.09090909090909091
0,ACAAAUCUUUGAGUAGUGUCCGAGCGGGUAGAGCGAAACAGACCGUGGUUCGCAACGUUGCGUCAAAUGCACAUAUAAAUGACGUU,0.08139534883720931
0,CUUCCGAGAUCUGCACUGAUUAGUUUGUAGGCUAU,0.08771929824561403
0,AUUCCAUACACGAACACAUCAACUGCGGAACCGAACUGGCAUCGGCAACCAGCUA,0.12307692307692308
0,AGGCCGCAAGGCCCGGGUGCACC,0.0821917808219178
0,AUAGUCAACCUAGCAAUAUGCUUGCCACCUUUCAACCAUGAUAUUCG,0.08771929824561403
0,CUUUCGCGAUGCGAGGUC,0.078125
0,GGUAGGUCCAAGUGAGGAUGAUUGGCGGU,0.13636363636363635
0,UACAUGUCCUUAGAAGUAAGUUGCGGGUUGAACGCAUCCAGUU,0.10526315789473684
0,CGUUCCAAAGGCGUAUUCUAGACUUUAUGCUUAUCCAAUAAUUCCUGAAAGUGAAACAUCUUGCGAAUGCGGUCGUUGGAUGACUUU,0.08421052631578947
0,GGU,0.046875
0,GGUACACGUUUAAAUUUAACUAACACCAAUGACUCCAGCGCUCGUGCAUGCUCAAGUCAAUAUACAUGUUAGAUAGU,0.1038961038961039
0,CUACCGAACAUCGCAUGGUAGCAUACCAAUACGGGUUUUGAUUUAUUACAUCAUC,0.1206896551724138
0,GCCGUUACUCGAGAUCCAAAUUUACACUGUAACCUCCACAGAGACGAACUUCGCUGGAUCGCUAAAUCAUUGAGUCGAGCGACCCGGCCCCG,0.10869565217391304
0,AACAUACGAGGGCUGUCCACACACUAUCCGCAGCCUAUAUUUUCUAGACGCACCAUAGUCG,0.11940298507462686
0,UGAUCCCAA,0.07462686567164178
0,AAGCGUGCUGAUACUUCUCACUCUUCGAUGGGU,0.09375
0,UUUCAGUGGGCAGCUAUGAAACCGGAGGCGAAUUCCAUUUCUAUUUUUAAUAUGCACCAACCGUGGUCACAUCUGUUCUUCAGCAAAUA,0.0898876404494382
0,UAUCCUGUAGCGCAAGGGUCCGGGGUUCCCUUAGAGAACCCCCGGAGCUUC,0.10344827586206896
0,UACGAUCAAGUCGUCAGGCCACGCCGGCUCGUGGCCCUCGUUUACACUACAAUGCAAUCACGCGUCACACCUCUCGGGCGGGG,0.08433734939759036
0,GACUCUUUGCGUGUAUCAUCGUCCCCUCCAGAUCUGU,0.08771929824561403
0,AUCGGCGUGCUUAUGUUCGGGAAAGUUUAUAACCUAAACUUCGGACGAUUAAUGAUUCCGACGAAUGCCCCGAGAGCGUU,0.0875
0,GCUAGCUGCCUACAUUGUAGAAUUCACGAAGGACGCUACGCCUAGCUUCACGUGAUCGUC,0.13333333333333333
0,CAAAAACGCUCCAGGACGUUAUCUCUAUGGCGUCGCUUAUUAUUAGUGAGGUUGCAGAAGGAGUGAAGUUCCGGAAGGCGCUCGUGCUUAACG,0.08602150537634409
0,ACCAAAAGUCAAGAUUUGUGGGAGUGAUCCCACUGUCAGUGCAUAUAUAUCUUGGCCAGUGUCUUCAUGUGAUAGAA,0.09090909090909091
0,GUCAAGGCGCGAGCCGUUCGCGG,0.0958904109589041
0,CUCGCCGGAAGCUUCACUGAUCGACAUCGCUUCGACCAGACCAACAUGCGUUAACCCCG,0.1016949152542373
0,UGGUUG,0.08620689655172414
0,CAAAAA,0.07407407407407407
0,ACUCAGGUACGUAGGCUAAGCAUCGACGCAAUGCGAACAU,0.125
0,AGCUCGCAGGUCCAUUAUAAGCUA,0.14035087719298245
0,ACGAGCAGGCUGUGGGUUCUGUUUAGCUGUCUCUACAACAGC,0.12962962962962962
0,UAUUUCUUCCUCAACGGUCCCUCGUUUGGUUCUUUUAGACAAGUGACCACCGGAAAUCUGUCAACCCUCUAUGCGUACAAGAACCCGUUCGCCCAAG,0.08247422680412371
0,AGCAAAGCUAACGC,0.06896551724137931
0,GCCUUGUAGUGUCUUGUUUGAGGGCACAUGGAAC,0.09090909090909091
0,CCAUUAUGCCCGCUCCGUAUAGCGGCCUUAGCAUUCUCAGGGAUAACUACAAUCUAAUGCACGGGAGAAACGGUC,0.08
0,GGUUUACGCGCGGCUAAGAC,0.08064516129032258
0,GAACUGCUGCCCCUUCCUAGAUGGACCCCCUGACAGCU,0.12307692307692308
0,AGAAGGAUAGGAGCGGGGGCUUGCUUAAGUGACACCAUUGUGCAUCUGCCUCGGUAAGAAACUUAUCGUCUUAUGCUG,0.08974358974358974
0,CACAUGUGGCCCGUUACCCUAACCAUCCGCGGUUACAACCAUUUCACCUCUAUUAUAGCUUUGGUUGUACCCCUGUUAA,0.0759493670886076
0,GC,0.03125
0,GUAACGCAUUAGAAGUGUGCAAAUAUUAUCUUCGGCCCUCCAGGUAAGGGUCUGUGGC,0.09230769230769231
0,GGGGGGUCUGCUGGUCUGUCGCCCUGACAGGCCUGGUGGGGCCUACAUGAGCUACUC,0.10606060606060606
0,AAACGGGGAACGAUAGCAGUUUGGUGGAUGCAGGUACAUGCGUACCAAAUCCGUACUUUCGUUGCGCG,0.10294117647058823
0,GUAGCGAAUUUGAAAUAGUCAUCAA,0.12121212121212122
0,GACUGUUUAGCUACCAGAAAUUACCUCCUCGAACUUAUAAACAACAAAAGUUUGUCGGAGUAAGA,0.1388888888888889
0,AACG,0.06060606060606061
0,AGGGGAUCGCCCGCACAGGCGUAAAGCUCAGCGACUG,0.0958904109589041
0,CCUAUCCAGACUCAUCGCGUGCCCACUAUGCCCUCGCAAGGUCGUUCUCU,0.12280701754385964
0,ACACUUUAUAGCGUCUAUAAAGGUCCUAUAUCGAUUGGGUGCUGUCGGAGUUAGUCCCUGGGUGCUUGCGGAUCCGGGAAAC,0.08536585365853659
0,GCCGGGUCUUA,0.08771929824561403
0,AGUGCUCGAGGAACGCUGAGACUG,0.08064516129032258
0,AUGGACGGUGACGAUUACUUAGCUGAGGUCAUUCCAAUGCCCUCACAUGCAUUCGCCCGUAGUAUAAUCUCAUGCUUCAGCGAAAACAC,0.0898876404494382
0,GCUUUAGACUUCACUUCCAUUAGGCAACUACGGACACCCCGCGAAAAUACCUACCAUAGGCCUACGAAGGAACUCGCG,0.08974358974358974
0,CGUCGUUUCUCAUUCUGUGCAC,0.09375
0,AGCGGGACGGGGUCUGCCCGGCA,0.06315789473684211
0,GCCGAAGGCCCAUUUACUGAGGCGAAACUGCCCACUUUUUUCACGUAGCGC,0.1095890410958904
0,CCGCGAUGAGCUGGAUCUUGGACGUUCCACAUUCGACUUCACAGUCCUCCAGAACACCAAAACUUACUGCCACGACGCUGGACAUGUU,0.07954545454545454
0,AUAACAAGUCCGGUUGUGAACCAUCGUACGCUAGGAAAGAUUUCGAG,0.10344827586206896
0,CUAGCGCUAUCAGGUUAUAGCUAGCCAGGUCCCGUAGCCAAGUUGUAAGACGAUAAAGAUGGUGCCUUGUGGUUCGCCU,0.08860759493670886
0,U,0.016129032258064516
0,GGUAGUUUAGAUAGUAUUACAACGUGG,0.11594202898550725
0,CACGGAUCCAC,0.0625
0,GGGUGUGACGUUGUACAAUCUUGACAUGAAACCGAUCCGGUCAGUCUUCCUGAUGCACUUUGCACGCUG,0.08695652173913043
0,GGGCAUCGGUAAGGCGAUUGUAACCAUCACGCGAGGUCGUU,0.09375
0,GUGCA,0.05263157894736842
0,GAGCGUCGCAUUGUCAUGGCAUAAGCGUGCUUGCAAGCCGGGGCUCCCCACAAGUUGGCA,0.0958904109589041
0,UACCAAGUCGCUCCCUCCCCGGGAUAUUUCAUGGUGGCCGCUUAGGAAGCCUC,0.13793103448275862
0,GUGACAAGUGCAGGUCUUAUCACCUUAUGCGAGAGUGCACUCUUUUCACAGGCUCACGU,0.125
0,UAUACAAGACUUUAAGUGUACUGCAUAAAAGUACCA,0.0958904109589041
0,UGUGUCGUAC,0.08771929824561403
0,CUUAUGAGUCUAUGGUGUGUGAACCAAACGGGCGACGAGCAUGCCAAGACAUGAGAACAAGCCCCAG,0.08955223880597014
0,GUGAUGAAUCGCGUGGGUGGGUCUGAGGGUUACGGAGCCC,0.12280701754385964
0,UUUUUCUAGUGG,0.09333333333333334
0,CGUCGUUAAGGCCCGUGAUCUGCCUCGGUCAUUACUCGCACGGUACCACAGCAUGAAGCA,0.1
0,UAUGGCGCCUUGUGAUGUUGCGCCUGCACCGUUCACGAGCUCUAGUCU,0.09259259259259259
0,UUUCAAGUAGCUAUUGAAGCCAGACCAAAGGAGUGGAGUUGAUUGCGGCAUAAACAUUCGAGAAGAUCACGCGC,0.08108108108108109
0,CUGUUUUAACACUGGCCACAUGGG,0.12962962962962962
0,AUGUGCGUGAUCGGAACAUCCCGAGCAAUACAAAACAGGCCCUGUGCCUCACUGAUGUCUUG,0.1076923076923077
0,CUGGCUCU,0.078125
0,UUAAUCGACUAAGGACUCUCGUCACGGCCAGAGGACAGGACCCAGUCUGCAUUCGUGUGGCCGUAUAUACUGACUGACUGGCUUUCAGCUGA,0.07608695652173914
0,UUUACUACGCUACAUGAUAGUCAUCAGGUUGUAGAAAAGCAACGCAAUGGCGUCGGCUCUACACCCCCGAAUUACUUUGAGUCCAUUUAGAUCCCCAAA,0.0707070707070707
0,CUUUCGACUGUGAUUCCUAGUCACGAUUCGGGGGGUUAGCGAGCCGGUUUACAGACAGUGAGAGCAGUAAGGAA,0.0945945945945946
0,GACUCUGAUCUACGCUAACAUUAAACAUUUGACACAAAGUCAGCGGUCGACCGAUGUCAAACGA,0.1232876712328767
0,CAGGUCGUGUGAAAAUAUAGGUCAUUGAAUUGGGA,0.0958904109589041
0,GCAAGUGAACGGUUCUUGAUACUAUCUUGCUUCCAGGCCA,0.1111111111111111
0,GAUGACAAACCCUCCUCGCGUGGGGGUGCUAGGGGAAAAG,0.1111111111111111
0,CUGUACGGAUGUCAAGUCAUAGUCCACAUGUUUCCAUUUCUGUCCCCUUGGCCAUGGUUUCCGACGCCUGUUAC,0.0945945945945946
0,GGCCAACUACCCGGGUAGCCGUGAUCCUAUGUCAGUUAAAAUAAGCCA,0.11594202898550725
0,UACUUCGCCAGAACUCAGGCGGUCCAGUGACACGGGGAUGAAUCUCAGUGGGUGCGGUGUCCACCGCCGCCCAACUAGU,0.0759493670886076
0,UCAAUGGAUCCCCCCGCAUUUUUAGUAU,0.12857142857142856
0,GGUGGACUUCAUGUAA,0.09375
0,UGUUCU,0.046875
0,AGCUAUAGUAGGCUAAAUGGUGUACACAUUU,0.1206896551724138
0,CGACGAUAGGAGGCUGGCAUAUACCGCGUUAGGGCCUGCCCCGACAUU,0.125
0,AACUUUGGAUAUAUCAAAGUAAU,0.1095890410958904
0,ACUUGGCUCUUACCUGAACCCUCAAG,0.09090909090909091
0,GGGCCACACCGGGGUAUGUUAUUCUAUGAGCUCUCAGCUGUCGCC,0.0958904109589041
0,AUAAGUCGAUCCGUGACGCUCGACCACGUGCAAA,0.08955223880597014
0,CCCAGCUCCACUGUGC,0.078125
0,CUCUCACAAUGCGGGAUGUGGGCACAAUGAC,0.109375
0,CAGCGAUUAGUUGCGCCGCCAGUGUGACCUAGGUGA,0.1044776119402985
0,UUUAUGCCUUUGGUAUGCAUAUCCUCCUUCAAUAUGAGGAAUCCCUAGUCGUUGA,0.11290322580645161
0,CAAGAAACCCUUCGCGCCUUUGCAAACACUGAUAGUUAUGG,0.10526315789473684
0,UCCGAUCGAUCUGUCACUGACUCCUGCGGAAACCUUUAGAUGGCCGGUGGAUAAAAGCUGACCUGCUGUUGCUGCCCGACUCUUGCUA,0.07954545454545454
0,ACAUUAUGCUAACGUACGCUCGGAAUAAGAGGCUCGAGACAGUCGUUACUACACCAUUUCCAGGAUGUCGACGCAGCUUUAGGCGAGCCAAGAA,0.08421052631578947
0,CCUUAUAGUUCAACCGCGGAUCGAAGUGCC,0.0967741935483871
0,AAAGCCUUAUGUACUUCGUUGCCCCUC,0.0967741935483871
0,GACAGAACGCCGGCUAAAGCUAGUUGCCAUGUGUAGCUAAUUAUUAAGCAACGUUAA,0.0958904109589041
0,AGAUUCGAGUACACGACCUAUGCACUUAGUCGAACGCAAACCUACGACCAGGUACUUUCGCACCUUAGGACUCGG,0.08
0,UGUCGUACAAGCUUCCGUAAUGCGAUAAGGGAGCCGAGUGUAGUCGUUCUAU,0.10526315789473684
0,GUUAUCUACUCCUCUACAGGCAUCUCCAGAGCAAUUGUGCGGGACCCCAGCAAAGAUAGCUACCGCCC,0.08823529411764706
0,GGAACUAGUAGUAUAGCG,0.1
0,CUGAACAGCCAGGUACGUAAACAUAUCAAUGAAAUUAUU,0.1044776119402985
0,ACGGG,0.046875
0,UUAUAUCCACCCCUGGAUAACAGUGCGCAGUCAUUUAAUGACGCUGACGUGUAACGUGCACCGCG,0.1076923076923077
0,CCAUG,0.0684931506849315
0,CCGUCGACGGCAAACUAAGAUGGGCUGCAAGGCG,0.1076923076923077
0,AAGGUUAGGGGCGCCUUUAGUCCGCUUCGUUGAAACGACGGCGAGUAAGAGUUAGCACCUCUUUGAAACUGGAAAUUAAGUAAAGCGAGGAAAG,0.09574468085106383
0,UUUUUAAGCUGUGAACUGCCCCUAAUCCCGCCCUACGCA,0.10526315789473684
0,ACAGAAACCUCAGACCCUCGUCUCCGACGGGUGGCACUCCGAGACCAGGCACGUGCUUUUUAUUAUCUCAA,0.09859154929577464
0,GGGCGCCUGAGUUUCAACUCUCCGACAAUCUUGAAAAU,0.10606060606060606
0,CGUAUUACUACCUCGUUAAUGACCCAUAUUGAGCGCCGCAACUCGACGUCUGGGCUACUAGA,0.0967741935483871
0,UCGCCUACUUGCAACAGU,0.09333333333333334
0,AAACCCUUUUUGCCCGUCUGGCGCCAUAACAUAGUUACAGCUAUAGCUGUUCUGAACGUUAUAAACUAUAUCACCUACCAAACGGCAGCUAAUUCUUACG,0.07
0,UCUGGUAACCUCUUACCCGGACAGUGGCUUUCAACGCUAUCGACUGUUGUGU,0.109375
0,GGGGAUAGAGUCCAGAUGCCGAUUUGGCAGGCGACAUACACACUAAGUAAUCACGGUGCAGAACCAAUGAGA,0.1095890410958904
0,CAUGCACCAGAUCAGCACCUCCCCAUUCG,0.09333333333333334
0,CAAUGCGUUCACAGGGUCAUUGGUUUAAGAGGUCUUGAUGCCGCGCGAUCCACG,0.140625
0,ACUAGCUUGGC,0.10606060606060606
0,GCGCGUAUGUUAUAAUUCAACCAAACUAAUGCACCCUCUCUCUUCACGAAUAUGGCUGCUGCC,0.10606060606060606
0,CACGCUUCGGUAAAGCGUUUUUUCGGACCCCGGCCUCUUGUUACGACUCGAUACCUGCGCUGAGUUAUACUAGGCAGUCCUUUCCUCU,0.06818181818181818
0,GCGUGCUGGUUCCGUUAAGGACGUGGGUGGAAACCCCUGGAUACUAAAUUCCACCCUUCGCAUUAUCAGCAGGACCUGUAUCGGGUC,0.0707070707070707
0,CACAAGGCGAACCGGGAUUUCCGACGAGACGGACGCAUUAGUCCUCGGGGAGCUACGUGGGUGCAGGUUCAUAUAUU,0.07792207792207792
0,UAGCGAGUCUGGGUCUUGGCGAAUCCGUAGCCGGAGCGGCCGGAUAUCAGUUUCUCUCAGGGAGGCUUCGUGGGAUUCCCUUAGC,0.08235294117647059
0,GGGAAG,0.10526315789473684
0,GAUUUCCGGGCCUUAGCCAAUGUGGCCAACUAAUGAGAAGUAGGAACUCGAUUAUCCCGAGA,0.12903225806451613
0,CCGCUCUCUAGAUA,0.10526315789473684
0,GGCCGAG,0.0547945205479452
0,ACCAAAGC,0.07042253521126761
0,GGUCUGCUUUGAUUUUGCAGCGAUACCACCAUGCAGAGUCGACAU,0.1076923076923077
0,U,0.017543859649122806
0,AUGACACAGGCCACCUGCGUGGGUCCAAGCGCGUUAGUUAGCGAAGCUAGUACGUGGUGGUCUGGGUCGAAAGCCGGCUCGGAGUCUGU,0.0898876404494382
0,ACUCUCACUAGGAAAUAGGUCUGAUGCGCUCUCAGAUCUCGACGAGCAUGGCAGGUGCGAGUGGGAUAACUUACGCGUUCUGUUUU,0.08139534883720931
0,GUUUAUCAAGGCUUGUAUCACACUAUGCCCGGUGAUUGUGACAGUAGGUUGCCGGGGCCAGUGAUUGGUGGGGUCAGGGAC,0.09876543209876543
0,GACGACCUUCCCAAGCUCUGUACUCCCCUUGACCGGGUGAAUUUCGCACUUUCGGAUCGAUACUCUCCCGGGCCACUGAACGAUGGACGA,0.06666666666666667
0,CGUAGUGACGUGGCAGCCACAAAAAGUCGAGGGACGCACAUGCCGUAUUGGCUGCUCGGACAGGCUAGCCCAGAAUGGUCAACGGGGCUGCCAAUGA,0.08247422680412371
0,GC,0.03508771929824561
0,UCCUUCCUUUCUAAACUCGCCGACUAAAAUAAAAUGGCGUAAUUGGCUCGGCUACCGCCCCAGGCAGUAACGAUUAGGCCCCUAUUAAGAGCUUA,0.1368421052631579
0,GGAAUUGUGUGAUACCUCUACAUGACAUAUGUCAUUAACUCGACGAUUCGAGUAAAUCAGUUCCCUAAACACAUCCCAGUCGCAUAAAGUU,0.07692307692307693
0,GGCUGGUUAUGGGACUGGGUAUCUUAAACAA,0.125
0,CUGACCGUGAGGACUGAUAUAGUUCUAUCAUACUUUCCACGGCAAAAGCUAAGUAGAGUUCUAUUACUGU,0.11428571428571428
0,AUGAUUUGAGCCCAAAUUCCUAUCCGUUAGCGACUCGCCACCUUCUACU,0.09375
0,CAUAUAAACUUGCCA,0.09090909090909091
0,CGAUACUUCGUGUUCGUGUCCUGUAGUGUGAACUCCACCCGAAAAUGUAAAGUAGGCCGUGAUCAGGUAUUUAGCUUUUCACUGUAUCG,0.06741573033707865
0,AGUCCAGUCAAAGAAAAGUACAAAAAAACGACGCUGAUCCGGGGUGCUGGUGCUA,0.10606060606060606
0,GGCUUGCG,0.07017543859649122
0,GAUAUCCGGCGGGAUAGCAUCAUGGGG,0.07017543859649122
0,CUAGAAUUAAUGCACCGCCACUUCUAACAUGGUUGCGUCGCAUGAAGAAGUUGGAUGCCCUAAGUCACCGAGAAGCAACAU,0.07407407407407407
0,CCUGGCCUUUUCUUUGCAUUCGCGGCACCGAAGACCUGCUUUCUUCAAAGUUCUCAAAACCAUUAGU,0.11267605633802817
0,GGUGGAUGGUAUUAUUGUGAUCACAUAUGUCCCGUCGUCCAUCAAACCCUUAGCGACCGGAAAGCAAC,0.10294117647058823
0,GUGAUUGGGACUUCCGAGCCCCGAAUUUAGGUUGUAAGGGUUCUUAAUAUU,0.10606060606060606
0,CUCUCAAUGAUCCCACAGUUACUGGAUAAUCGUGGUUGUCUAACAGAGACGCGGAAAUGGGACUGACUUUACUUUAUAUCACCGUGCACCGCGCUCA,0.07216494845360824
0,UGCCGUCCGGAUCAGGUUUCGCAUCACUUAACCGCGCAGACCCCCUUGCCACCUAACGACGCGUCGGAUGUACAGUGAGACUAACCUCUGA,0.07692307692307693
0,UAUUAACUGCCCUGGAGCCUCUCCGUCC,0.1076923076923077
0,UGGGCGCCGAGCCCUGGUAAAGUAUCAAGACAGCAAGGCGGCUGACUAGUGUGCGAUGCAGGCAUGUGCAGAGGAGUUGG,0.075
0,ACUUCCCGAUAU,0.078125
0,AGCCAGUGUUUAAGACUAUAUCGUUGAGCUCAAGCGGUAGUAAUCAA,0.10344827586206896
0,AGAUGAGUUAACUAUGACGCCCACGUGAACCUCAUCCUUAGACAAUUCGAGCCGCGUUGCCU,0.0958904109589041
0,CCGCGACGCAGGGCUGUAACCAGCCGUAGCCAUUCACGGAACGUCACAAAACCCAGC,0.10526315789473684
0,CAUAUAGACUACCCACGUAGUGCUGGAGCUAGAUCAAGGAAGCUACUUGCCUACGGC,0.136986301369863
0,AGAUCAGAUUAAGUUCAUAGUGGGUAAAGGGUCCCACGACACCAAAUGCAGGUGGGACA,0.11864406779661017
0,CCAGAUUCUUGGAGGAGCCCCUCCUAUUGUAUGAUGGAUAGCGAGCUCGCUAUGCUCUUGAAGCGUCGCUUUGAUUAGUUUCACGCCCUGCAUU,0.09574468085106383
0,GCGCAUACCCUGUGACAAAGAUCCG,0.09230769230769231
0,UUUUAGCGCGUCAGCUGGCCACCGGCCAUGUAAGCUACUGGCUCAACCACCAAACCAAAGUACAACGCGUUUACGCA,0.09090909090909091
0,CAUCUGGAACCCGGUGUGCUUGUAUAGGUUACUGCACACUCUCUGUUUAAACAAAUCUGCAUGUUUACACCGGAUCGGUUGCG,0.08433734939759036
0,GAAGGGUCCAUCGAGGCCUGCGACAAGACGACGGAGUAACUUAACGGCCCCUCGAAAUUCUAGGUUCCCAGUACAUCAUUGCGCCGUUGCAUACGUAAU,0.0707070707070707
0,CGAGGAAAUCGAUGUGCCGGCGAAUCAUACAUGCAGCGUUGCGGGACUCACUUGACUCGGACCGAGGUACCGCCACCCAGGCAGGACA,0.07954545454545454
0,CAAAAAAACACAACGACCGAUUAGUUGGAACUACUCCCUAAACUGUCAAAGGAAUUUUGAAUUUACACAUUUGAUGUUUGGUAA,0.08333333333333333
0,CUCGUGAGGCAGUUGUUCGACGUCCACGCUGUGCCUUAAAACACGGAGUCACUCUGAUGACGAUAUUGGAUUGAUUCUCUAUA,0.08433734939759036
0,ACGUGACCUCGCGCACUUGGCCUUGUAUAACGUAGGUGAACCAUUAGGGG,0.09090909090909091
0,AGGGCUGGGCCCAACCGCCGAUAGAUCUCAGCCGUGGCACGGGGUCGUGACAACGUAAAACGCUUGC,0.0958904109589041
0,UUAACAAUAUAACUGGGUUAAUUCGGAUGCGAUUUGGAGAUUUGCCUUAAUCGCUGCUCAAAACGCUAGGCGUGUGACCUUGGAUG,0.08139534883720931
0,ACCCGGCUAGAUGUCAGGACGGACCCCAGUUCCGCAGGAUAAAUUGGUCGUAACAUGGCCUCAUGUGCGUCGCCUUUUAGCG,0.0975609756097561
0,CAUGCUGACCCACUGACAACGAUCCAAUUGCCCUGCCUUGCGAUUCAAGUUCAUGCCUUUA,0.08955223880597014
0,AUUCAUGCAAAAGGCGUGAGUAUACCCACCUAUUGCUGUUACAAGCUGUACAGGUCGUGCUAAGGGACAAAACUACUCCUAGGGUCCAGCCGCAGUUGCA,0.07
0,CAGACGCCAUUAGUAUACCGUUUCGACAUGAGUCCGACACGACUCUCCAACGCUGCACUAGUUGGAUAAUGCGGGGAGUGCGCUUACAA,0.11235955056179775
0,AAAGUGCGUCCCGUGC,0.09230769230769231
0,UCUGCUUUUAAAGAGCGAACAUUUUGGGCAGGU,0.1111111111111111
0,UUCGUACAUCUUGCACGCACUAGCGAUUCUAUAUGAAGGCCCCGCCAGUACACUCCGCGUAUAGGAUCCCUGCGU,0.09333333333333334
0,GAUCUAGCCUUUUCAAUAGGGCUAAUUUUGAUCCCUCCACAGCCGUCAGGGCGGUGUUUGCCGUGUGAAAAAUAAUAGUUGUGGAA,0.06976744186046512
0,AAGUCGCAGGGGCUCUGGUCUUAGAAUCUUGCGUGAAACCUGGGCGGACUGUCACAC,0.10606060606060606
0,UCCUUG,0.06060606060606061
0,CCUCAAUCCGUUGCACGUUGCUCACUGGAGUUCAUGAAAGCACG,0.09375
0,AGGCGGAUAGGUAAAUAUUUAGGACAACACGAUGUGAGGGGAAGCUAGGCUGCUAGCCUGGUUAAGCACAUAGACGAACUAUACAAUGUGAGAUU,0.08421052631578947
0,GGGAGAUUAGUUCUCAACCUCAGCAAAGUACACAGGAAAGACUCGAUAGGCUGUCA,0.10606060606060606
0,GGGGCCCCACUUUACCAAGGACAG,0.10344827586206896
0,CUUACCGGGCUGGUCUUGGGGACAAA,0.14035087719298245
0,AUGCUAACACCUGACGCAGCGCCUA,0.09859154929577464
0,CCGGAAUCACUAACAGGGUUCUUCAUAAUCAGUGGCGCUGGUCCUGUCUAUCGCAAAAAAGAUUUUAUCGCACUUCGCGGCAU,0.08433734939759036
0,GGUUUGCCCCGAACUCUACAGCAU,0.07692307692307693
0,CAUGGAUUGAGGGCGAAGG,0.09090909090909091
0,AGACAACACCCUACUUUCCCAUAGACCAAGUAUUAGUCACAUGCAAACAGGG,0.10344827586206896
0,CACGCUGUCUUGGUAGGACGCCCU,0.0989010989010989
0,AAUUACUCUAGAGUAAGUG,0.0821917808219178
0,AAGA,0.06896551724137931
0,GUACGGACGAUAUGGAUAUCUACAACCACUGACUCGAUUGUGAACUAUGGUAGCCGAGCUUUGGCUGAGCAAGCUAGUAAGAUU,0.08333333333333333
0,GGAAAGUCUGAAAAUUGGGUCAUGAGCUUAGGUCUAUGGGUGUACCCCA,0.1095890410958904
0,GUUGACGCACCCCCGUAUACUAUGUCGAGUGUGUAAUGUACGUCCCUAA,0.10344827586206896
0,CAGUGACUUUUUAUCCCGUUUAAAGGUUUAUCAGAGAGUUUG,0.12280701754385964
0,AGCAUUAAAUGCUAGCAGACUCUUCAGAACGGCAACAAUUUAAAUGCCUAGGUCUGACAUUU,0.09230769230769231
0,ACCUAUCUUCCGCGAGUACCAGUCCUGCGCCGGUUGUCAGCACAAGCUGCCUCCGUCUAACCAGUAAUACCGUUUGUCCUC,0.09876543209876543
0,GUGCUACCUAUCGAGCAACAAGAAGACAUAUUAUUGGAUAAUGACUUGGGUG,0.11290322580645161
0,UGAGCAGCAGUGUAGCGGGCGUAUGUCGAUUGCUUAUCCUAGGUGAUUACUAGCCAGGUUAUCCACAGGUGGGCAGCCUGUGAUGCUACUGUGAG,0.08421052631578947
0,CGUAUUGCUCCCACGCGCUUUAGUAUGUCCUCCGCCUUG,0.0821917808219178
0,CGCCUCUGUUCGCAGUAUUGUACAACGUACUUACCACGGGCCUA,0.10526315789473684
0,AACCCUCCUCCUUACUGCUGGGAAGACGUGUGGCUCUACUCCCUGCGCCGUCAGAGGCCGGGUCUAAGACGCUGCCGGGUGCAAUAAUUCCCGUUUUAC,0.0707070707070707
0,CCGGGGCCGAUACGCAGAGAUGUUAUAAAACUGCGCUGCGGAAAAGCCAAUCUCGCAGAUGACGUUAAACCAGUA,0.10666666666666667
0,UAAUCGCUGUCUCGUGUUUGUGGAGUCUUUACCAAAACCGAGCCCCAAUUGCGGGAUGCGCAUCUCUGGGUACCCAUCGU,0.0875
0,CCCUAGGACGUUCCCGCUUUGUAGUUGGUAGUAUUCAAACUCUACACCUCGUACAUCGAUCCGUCAUAGCU,0.09859154929577464
0,CCGCCGUAUUUGUCGCUACGGCUA,0.07692307692307693
0,CAUCUGCGUGUAUGUGGCCUGGAUAUUCCAGUGAAUGAGAAAAUCUGCAGAGUAAAGUCCUCGGGCCUAGUCAUUUACGAGA,0.07317073170731707
0,AAUAUCGUAAUUGCCUCGGAUCACC,0.09090909090909091
0,AAGCCGUUGCUGCGGCCACCUGUGCGACGAAGGACUUAGUCCUCCUUUAGUCUCGGACCAGCACGUUGCCA,0.1095890410958904
0,UGGGCCCCGUGGGUUCAUGCAAGGAAUGUUCUCAC,0.08571428571428572
0,CCGUAUGUCAUCGUAUGACAUAUAGUUAGAGACGAUGUGAGAAGAUUCGUUCAAGUAAACCUUGGGUACUGAUGGGGUGCUGAG,0.07142857142857142
0,CUAACUUAACGACUCUGGAAACCAAAUAGGGGCCGCUAGAUCGCCGCUGGGUACGUGCCGUGAUGCGGCUGACUU,0.09333333333333334
0,UAUUCCUCGACACGAAACCCCGGCGUGGCAGAGACC,0.10606060606060606
0,AACUGUUACUCUUUUCUCAACUGUCAUUUAGAGCUUGCAUCCACAAAGCAUUGUCCCGCGUG,0.1095890410958904
0,AUGUUCAGCUAUAUUUCCUCCAGGGGGAGCCGGGUAUC,0.1044776119402985
0,AUUCGACU,0.06153846153846154
0,AAUCUGACAGGCAAGAGUGCUC,0.08771929824561403
0,UA,0.03508771929824561
0,CUAAUGUCUCAGAAAGUUUGCCGCGAAUACAGAGAUCCACACUGGAU,0.09375
0,AGUUUCC,0.078125
0,UCCUUUCCGAACCCAGUAAUCGC,0.09259259259259259
0,AUUAACCACGACUACUCGGGUGUGAUGAUCAUACCGUAGCCAUGGCGUUCAGGCAUUAACGACCCCUACAC,0.1267605633802817
0,CUAGCUGAUAGCACUGACUUAGCGAGAGGAACAGCGAGCAACUUGUGUCACGUGCUUUCUGCCGCUGUCGACCGCCCACCAUC,0.07692307692307693
0,AGUCGGUCCACUACAAAUG,0.08771929824561403
0,C,0.017543859649122806
0,GGUAUUGC,0.06153846153846154
0,UGGGGUGCAGAAUAACCAUUCUAUAGGUAAGGGGGACAACUCCUGAGUA,0.10344827586206896
0,GGUGCA,0.07692307692307693
0,CUCGACGAGGGCGCAGUCAAGGAUAUCUGGGUUCGUAU,0.0958904109589041
0,UCUUGACUCGUGUUCCUAACCCUUACUUCUUACAAGGGAGCGCCUUCCAUCGAUAAAGGAC,0.08196721311475409
0,GCUACCAGCGCGGGGGCUG,0.10526315789473684
0,ACUUUCCAG,0.08771929824561403
0,GGCUGCGCCACUCACCAACACGCCAGUGCUACAUUGGGUAUGGA,0.09375
0,CCGAUACUUGAUCGCCGCAAAAUACAGGCAUAGUUCCGCAUUCGACGAGGAACUUCCUCGACAGUCCGGCACCUU,0.08
0,UAUAACUUUCCUAAAGCGUUUUAUGUAAUGCGUGCACCGGACUGGUUACUAAAU,0.11940298507462686
0,GUAGAAUCGUGCUGCCCUCGAUGCUUUCGCUAGUUU,0.10526315789473684
0,GAGGCCGCCUCAAACUAGAUUUCUCUACCUCUCUG,0.08771929824561403
0,GUGAUUCACAAAGCGGCGCAAGUCACGAAUCCUAGUGACCCCGUGUGGAUAUUAUUUGAACCCCCUCGGUAUACGAGGCCGGAGUGAAACAGCAGUCUAU,0.08
0,UAACGGCUCGCCCUCCGGCUGGUGGGCCGUCAUGGUAGGGUAAUAUCGCCAUAUUACUUAUGCGAUAAUAACUGCACUCUGCGGCAAGAUUGGUCAU,0.08247422680412371
0,GGUAUGUACUAAGUACUCUUUCGUAUGUCAUACACUGGUCAGA,0.08333333333333333
0,CAAUUAAAUUAUACUGGUCCAUACACGUUUCGUUGACUGCUAUCAUGAAGUGUAACGAUUGAAACAGGAAGUACUCUAUGUUCGCUUGUCUCCCUGUU,0.07142857142857142
0,GCAAGGGUGAUGACUCUGAUUUUUAUAUUAAGCUGUCACGAGAAGUGUUCGUGCCUC,0.12121212121212122
0,GUUUCCAUCCACUUGCCGAUCUGU,0.08771929824561403
0,AUCAUCGAGUGAGAUCCUGUUUGGACCUAGCCCUUUAAACGCUAUACAGACGCAAUCGCACGCUGAUUUAGAGGAUGCCUGUGUACACCCA,0.07692307692307693
0,AGACAAUAGAGCCGGGGAGCGUCCG,0.10526315789473684
0,AAGGGUCACAGCUCGUCAUGCUUUCCUUCUCUGGCUUAUUACGUGCUUAUUUUUAUGAGUGAGUGAAGCUCUUGUCA,0.07792207792207792
0,UUGGUUCAAUAGACCGU,0.078125
0,CGGAUAAGAUCAUCGCGGGAGCAUGUU,0.10526315789473684
0,UAAGUACGACGCA,0.0821917808219178
0,CUACGUUUCAUUGGUAGAGGUUAGGGUCGAUGAGCGGCCGUAUACAAGUGUUUUCU,0.12307692307692308
0,UAUCGAGUCACCUUAGAGACCGCCAAUAGCAUGCGUUUGAGAGCCUCGCCAGUAGGAAUAUAGGCAAG,0.10294117647058823
0,GGAACUGCUGUCGCGGCGAGAUGCGAAAUAA,0.09090909090909091
0,AUGUUGCUAUCAUCUAUGGGGGGUCUGGCAGCACUCGAGGCUCCAACGCCUUUGAUGUGCUUGAGUGUUCGUGGAUUCUCUGCCGCU,0.07692307692307693
0,GAUUAACUGGAGCUUUUGUGGCCCCGAUAUAGUCUUUGGAAAGUAAACUUAUAAUCCGCGGGUAGACACCGCGGCUA,0.09090909090909091
0,AACGUAUCUCCUAUUAAGAACGGUUGUCGCAACGACAAGCGGGUUAGUGGAUCUGGAAGGGUCCGUCGCGCU,0.09722222222222222
0,AGAGGGGGAGAAAGAGACGCAAAUACAUAGCUGUCUCACGACAACUCGUAUAAAAAAAUGCCGUGG,0.10606060606060606
0,ACACCAACAGGUCACCCGUUGAUUGUGGUGACGUAACCCAUGGUGGUAGCUU,0.0958904109589041
0,UCCGACUAGCCACGCCCUAGGCGGUAGCCU,0.09230769230769231
0,UGUGUGAUUAUCGAUAGGUAUUUUGAUGGUUUGACAUCUUGCAGUACCAAAUGAUAUUGCCUGCCGUCAGUGGUAGUAUUCUUU,0.07142857142857142
0,GUUGCAUCUGUUCGCUCUACGCCGGCCUGAAGUCGG,0.07575757575757576
0,AGGACAGAAGCACUCAGUCGCAACUU,0.08771929824561403
0,AGUUAUCACCUGUCUAUUUGGUUCGCCCACAUGAACUUUCCAACCUU,0.10606060606060606
0,AGAACUGUUCCUUAUCGACGGGCA,0.10526315789473684
0,GCAUCUCAGACAACUUUGGCAGGGUUUAGCUCGUCGUGAUCCCUAUACCCGUGCGUCAGUUCCUACACAGUC,0.08333333333333333
0,GACCGUUUUAGCCGCAAUUCACG,0.09375
0,AACUUCCAUUGACAAAAUCCUCAUCGAUAGGUGAU,0.10526315789473684
0,GUAAUUAUCCUUCAACUUUCCAGCGUAAUCGAGUGAAUAUACUAGCUUAAGGGUUUAACAAAGG,0.109375
0,CCGCGUGGUUGGCGGUCGAGUAGACCCGCUGUAGUUGCGACAAAUCCAACCGUGUGCAGGCGCUUAGUAUCCGAAGAUCACUCGAUUAGGA,0.07692307692307693
0,AUAGACCGCGUUAGUGUUAGGGAAUUCGGCCCUUUUCUCACCACUCCAUUUCUGGCGUCAGUGGGCGAGCGAGAUUUAAUCGAUAGAACACUC,0.07526881720430108
0,CAUAGUGUCGCGCAAACUUCCGAAGAUACUGCUGGAUUCACGCGACCGCGAGAAGAUGGAAGAGAGGCGUAUCCACACAGU,0.12345679012345678
0,CAUACAUUGGGACACUAUUGCUGGCCACUGCGGACACUGUUUCCCUUCGUGUAUGGAUGCCAUCGAG,0.1044776119402985
0,CCGCCGUUAGCACGGGUAAAGGCUACCAACAAGC,0.09375
0,UCUUGAUUCCGGAACAUCACUUCACUCGUGCCC,0.109375
0,AAAUCAUUAUAAUU,0.08695652173913043
0,UUCGAAAAUUCAACAUUUCGCGAA,0.09375
0,AGCUCA,0.09090909090909091
0,CAUGCUGCCGGCCUUUAGUCAUACGUUACAUACGCCGCCACCUAUCGAUAGUUGAUUAUUACGACACUGUAAGGAUGGUAUAGGGACUCUGAUUGACCCU,0.08
0,UUGCAGGU,0.07462686567164178
0,AGAG,0.046875
0,UCGUAUUGGG,0.078125
0,GUAGACGGUAAGGCUCUACGUCUUCAGCACCUAUCGGAAUUGUGUUCAACUUACAA,0.12280701754385964
0,AGGAUAGUUUUAAAUCGCGAAUGAGUCGUGACGGCUGCGACCGGUCUUAUGUACAAC,0.10344827586206896
0,AAAAGAGGCCCAGCUGAAAGAUCUCACCGACUACAGUGCCUGCGACCAGGCUGUAAAGCGUGGUUCAGUCGACCUGACAGAGGACCGGGGGAUAGCAG,0.07142857142857142
0,UGAUGGAUAGCGGCUGACCCCCCCGCCAUGGGUUCGGA,0.09230769230769231
0,UUUUCGUGACUUACUCACUCCAAGAUCGGCGGCGGAAACCCAUGGGUUGUUCAGGAGGAAGCCACUCGCCAAUCUCGCCUAUUGUG,0.08139534883720931
0,GCAGACGGUUGCCGGUCGGUAC,0.09090909090909091
0,AUUGCAGCUGUCCUCUAGCAGAUAUAGCGUCCUAAGAAAUGAUCCGGCGAGGGUGGACCAUAUAGUACCCUGCGCAGUU,0.08860759493670886
0,AUCUCAAGGUAGAAUACCAUUUGCAUACCCAACAAUGCUACUCCAUAAGUGGCGGUUAAUUAACAAUAUGAGCGUUGAUGCCACUAUGCU,0.08421052631578947
0,AACAGGCGAC,0.06153846153846154
0,GUAAUCCUAUGAUGGCAGGGCUGGCGAGGAUUGCCCGAUGGAAGACGGGUUAGUAUGGUCAGGAAUAGAUAAGUCGUCUCUUGAACCG,0.07954545454545454
0,AGGUGUCUUUCGCAAGUCGCACAAUUCUUAUAGUU,0.10144927536231885
0,UACCGACAAAAAACACACGUUGUUAUUGGACGACAAGGCCGCUUACUUGCAAGA,0.08771929824561403
0,UGACCUCCCACAUAAUGUCCACCUAACUACAACCACUCGCCAUCGAAGCGCAUGAUAAACCA,0.0967741935483871
0,AUUAAUCACCCCCUAAUAGUAACCCUGAUCCGUCUAUG,0.0958904109589041
0,GGGUUGG,0.10606060606060606
0,CUGGGGAUCAUAAUUUUCGCCCAUAGCAUACGAGUGGAAAGGUGCAGAAACGAUGUCGCCUCCGCAUGCCGAACCCAAGGCAGGGAACAUCGCGAUAGAU,0.08
0,GUUGUUAGGUUCUUAUAAUAUCCCAAACCCUGAUCAUGUGCCAGCAUCGAAAUGCUACCGCAUAGUCAA,0.0958904109589041
0,UGCCCCGAGUGGAUUUUAUUGCGGGAGGA,0.09230769230769231
0,UACCAACCCCGAGUGUCCCUGACA,0.0958904109589041
0,CGUGGCCUCCCUCCAAUUAAGUAAGUAACCAGAGGAGCUUUGUUGGACGCG,0.1111111111111111
0,GGCGCGUAGGUAUUCCUAAAGUGCCUACCGAAUACUGGAUAAAUAAAGAACCCACAGU,0.11594202898550725
0,CGCCUCAGAGUGCUGGAUUUGUUAGCAGUGGUACGGCAAUGAUAAACAGACCGGGUAUCCCUUGACCUUGCCCGUCAGUAGUGCGU,0.06976744186046512
0,CCAUCAGGAGUUUAGAUUUACCUAGAUGCAUUAAAGUAGGUGUCAUUCCACUGAAGAGGCGUGAUUCUAAGUUUGUCUCUCGA,0.08433734939759036
0,CUCAUAUCUUUAACACCGAAUCGUAACAGGUCAGGUUGCGAAAAUUUGGCCUACUUACUCAGUGCGGUAAGGGAUAUCACAGAAACAUGG,0.08888888888888889
0,UACUAGAUGCGGACACCGUCUGAGUGAUUAAAUGCGCAAUAUACUAUGCUCGCUAGUAGAAGCCCAGGCUUAGCUGCGUACUGACCUACGCAUUU,0.08421052631578947
0,CACGGCUUACGAGGGUUCUGUGUUUGCCUGUCUUAUCCCCUUUAGGCCCUACGCGAGCUGCUAAGCUGAGGGCCCCAAAUCCGACCUUACAGC,0.0967741935483871
0,GCUACUCUCCCUCCGAUAAGGAAGUCGCUGUGUACGUCGCAAUUAAAAUGCUAACUCACACCCUAGUCUAGCGAUCGCGAGGC,0.0963855421686747
0,AGUCACCCAGGGUUUGCAAU,0.078125
0,UGACAGCAUACGUUCACUCUACGCACGCCCGCAUACGGACGAUUAAGUCGUAAC,0.09090909090909091
0,GUG,0.04838709677419355
0,UUUACCGUAAUCAACUUUUUGUAUGAUGCAUGGUGUACAGUUUAGGGAAACAGCUAGAUAUAUCAGUUUCGUCUUUUUUUC,0.13580246913580246
0,UGAGUUUUCUAUCUCAGGGAGAAGAUCGUAUCUAGUGAGACCUCAGACUGACGUUAGGACC,0.1232876712328767
0,UUGCCGAUGAGUUCAAGUUUGUUCACCUCGGUUCCAGAGCAAUACGGAUCCUACCAAAGUU,0.09090909090909091
0,CCGGUGCCGGUCAAGCCUAGGCGCAAGCGAGCAGCUGUUGGAGUGCACCUCCUCUAAAAGUAAUCACGCGUCACUCGGAAUU,0.0975609756097561
0,AGCGCUCUCCACUGACCCGCAAUUUGGGG,0.09230769230769231
0,GCAUGACGGGAAGGGCGCCGUACAUGCAUUCACUUUACUUCGGGCGUUGCAGUUUUC,0.10526315789473684
0,UUCUGUUGUGAGGCACAGGGGUGAACGUCAGAGGCUUCAGGACGUCUUCAUUAUUAGAGAAGCGGAGCGUCAAAGGUAGUAAACAUGCCA,0.07777777777777778
0,CUCGGCGGUGUGCGCUACAGGCGUCUUAGUGCGGAUAGCUCGCUGACUGAAUGGGCUGGGGCCG,0.125
0,UACUUUGCCAGAGAAAGAAAGACACAGCACUACACGAGAGGUUCAGUAAAGGAUAGAUAGACCAUCGAAUCUAUACGGUUCUA,0.08433734939759036
0,CCCGCAUAGACUUAG,0.08771929824561403
0,UUUACGGGGAAGAGACAAUUUGGACAUCAAAGCCUGGAAUCAUUGCUUACUGGCUUAGUCACACUCCUGCAAAGAGCUCAGCCUAUUCUUG,0.07692307692307693
0,CCAACAGAGGGCACGUGUUCCUGUGCCCGUAGUCACAAAAGGUUACUUUGUAGGUGGGGUUCAAC,0.09230769230769231
0,UCACAGCUAUAUUGAACUUUUCGGCGAUAUUGUCUUUUAGUGCACAUCCACCCUGAAAUACCUG,0.0958904109589041
0,GGCGUUACUCCGUAACAAGGAGAAGCCUACACUACAGCCACUCACUACCCCUAAGACG,0.1
0,AACCGGGAUUCUAAGGAGAUGGAUCGCGCGUGCAAUUUUUUGUAAGCAGAGCACUAGCAUCAUAAUAAACAUGAAGA,0.09090909090909091
0,UCGCCUCAAUUUCUGUGACUCUUUCGACGCGACAGCAUCAUUACUAGUCUAGAUGCCACAAGUUUGAUUGGCACUCAGCACCGACCUCCUAUCC,0.07446808510638298
0,AAUAGAGUUUGGCGACGACCGUGUAACGGACGCUUGUACGGCCUUACGGUCUCACAGCCGAUCCUCCUGCU,0.09859154929577464
0,AUAGCAUGAGCGUGCUUGAACAGACUUGAAUAUACCGCGUGACUCCGCCAUAUUAAAGCCCUUAU,0.1076923076923077
0,GUCCGACGUGCGAAAUGCGUGUGUAGCGCCUUUUGCCAGGUUU,0.109375
0,UCCGCAUCUUGAUCGUCUGAUCGCGAGCCUCCUCAGGCGUCAAUGGCAGCACUAGGCGAGGGUUGUCGCCGCAUGCGCGCUAAGUUAGAGGUCCUGCU,0.07142857142857142
0,AUCCCGAUAAAAUACUAACGCGAACUAUGUCAGGUGGACUACCAUAUUGACGCCGAGUCCC,0.1044776119402985
0,UUCC,0.07017543859649122
0,AUACCGGCACGUCACGACGUCAUACCGAGAGCGGGGUCGACGUGUCAUAGCGCUUACUGGCACUCUAUUGU,0.0958904109589041
0,AGACAUUACCCCAAAAUCGAAAGAGUGUCUGUAAGGAACACUGCUGUCAGGAGU,0.10526315789473684
0,CCUGGC,0.0625
0,GCGGCUCGAGCGGCACCUAAGCAAUCUCUCUCAGUUAUUUUGGGUGUAGGCUCCAUCAAUUGACUUAAGAUAUACGA,0.14285714285714285
0,AUGACUUAUGCGUUCUACAAAUUGUGCUAUACGGGUCGAGAGCAUUCACCGCCUGGGAGGAUCUCCGAAUGCAGGGUGACAGAUCGUAAU,0.13186813186813187
0,AUUACCUCGGAUUGCUACAGGAGACGCCUCUCGUGAUAACUGUCGAUUCAAAGCGGU,0.08333333333333333
0,CGAAGGCCCCCCCGACGGACACUUACUCGGUUUGCCUAGCGUUAAGGUAAGCGGUAAGCCAAAGUCAC,0.1095890410958904
0,UAGCAUGGCCUCCCCCCAAGUUCGCCAAUGGAUUGUUGUCGAUGUCAUCAUCAUCUUCAAAACUC,0.11267605633802817
0,UUCAAGUCCCUGGAACCCAGCAGCGCUCGUUCUGCGUUGGCCGGCGCAGCCCCCC,0.09375
0,CGUCUGCCUCGAUUUUACUUGUCUGAAAGCUCAAAAGUCGAAGCUAGGCC,0.08955223880597014
0,AGCUUGUAAUGUCUCCAAUCU,0.08064516129032258
0,UAGUUUCGGGUACAGGUA,0.12280701754385964
0,CAAAGUGGUUCCGAGGGAUACCUAUUCCCUU,0.0821917808219178
0,GGCCGGAGCACGCGGCACCGAAUGGGCCUAACCUGAACGCAACCUCUUGAGAUG,0.1076923076923077
0,CGAUUCAAUUUUAUGCCAACUAGUUAGAGGGUCAUCAAAGGCCUCUGCGUCUUGGUCGGGAGCUCCG,0.1044776119402985
0,GUAGCUUGUGCCGGUGGUGGGUCAUGGAUCUCUACAAUCCUAGACGGUGGUUGCGCAUACGAAU,0.078125
0,GUUCGGGACUUUCUGGCACAGCAAAGACUUAGCUAUGU,0.12280701754385964
0,CCCC,0.046153846153846156
0,CAUCUGAACUGAUCUUCUCCUGGUUUGGCAUUUCGAUCGACAGUCGUGGGGCGUCCCUACCAACUCA,0.08955223880597014
0,GUUGCUGGUCGCACAACUAUUGAGUAUUCUCAGACCCUUCGCUCCUAGCCCGAAAGU,0.09375
0,CGGUCUAAACU,0.07142857142857142
0,AAAUCAGUGAUGCGAGAUGAGGUAGGGCGCGUGAGUACUCUGGUGCGAUAUCGCAGGAUCGUCCAGAAAAUCCCCAAAGUGCGAAA,0.09473684210526316
0,AA,0.034482758620689655
0,AAAGGUCACAAGUGAAGGCAUAGUACUGAGAUCCUGCC,0.10606060606060606
0,UCAAAACUUCCGGCGCCUUUCAGUGGAGUA,0.125
0,UACACGGGGAUUAGU,0.08771929824561403
0,CUGACUGCAGGUAGAUG,0.09259259259259259
0,ACACUACGGGGGCGUCUCAAGUAUGGGUAAGCAGAUAUAACCCCAUCCAAUCGUCCUAUGCAGCACAAAAUGUUCGGCAC,0.1
0,A,0.016129032258064516
0,CGGCAGAGCACCGGCAAACUUAAAGCAAUGCAGCG,0.109375
0,CGUACUAAACGUGAGGCAUGAUAAUGAUUGGUAAAAUUACCGUCAAUAAACGGUUCAUGCCCAAAGGUUAGCCUGCGAAGACACUA,0.09302325581395349
0,GCGUUGCCGCUAACGCGACUCAGUCUAUUGUUAUUUCAGGAAAGUCAGG,0.09722222222222222
0,UUCAGCUGUACCGGCUCACGUGCUCAAGAUGAAAUUACCUACCUACGCUCUAGCAUAGACCACUGGCGGACCGCGGAUUUCGGGUACUACACACUUA,0.07216494845360824
0,GCACCUCGCGUUCAGUCGUCACAGAAGU,0.0967741935483871
0,AGUGCCAGGACGG,0.18181818181818182
0,ACCUAAAACAACCUUUUAGCCAGUUCCCCCUACUGUCCAGUCAGGAACACCGUAAAUAAGAUGUUGGUCCGAAAUCCUAUAGUCCCAG,0.07954545454545454
0,UAAUAUGAAAGAAUGCGACGCUGUUAGCUUU,0.09375
0,CCACACCAGGGCUUACUUCAGGAUUCCUUAAAUCAUAUAACGCAACCCGGCUAUGACACUGGAACUC,0.09722222222222222
0,GCACUGUGAACUUCG,0.08695652173913043
0,GGACUAGGCGCGGGUAAUUCCGGGUCGGCUGGCGCCUACUAUUUUAAGGUGAU,0.10344827586206896
0,AGAUAUCUAACGGUAGAAGGCGUGUGUGAUAAUUGAAGAUCACCUUCUUUUGGCAGUUUUUAUCC,0.10144927536231885
0,GACACCCUGCAAAGGGGUCGUUGCCUGCAGCGCUGUCGGCGAACUGGUUGGAGUUUUCUGAUCGGCGGACUUGAGUGGAGGCU,0.0963855421686747
0,ACUGGAGCUCAC,0.07017543859649122
0,CCCGCAAAGCCCUAACCCGAUUGUGGUGUCGCACAUGAUAAACAAAGACGGA,0.1095890410958904
0,CAAAGACCUUUAGGACACAAGUCGACAACGCGUGCGUGGGGCGGUUGCGUACCGACGGCCUGUUCAUUCCAAAAU,0.09333333333333334
0,AGUGAGGCUACAGAAAUUAGCUAAGUUCAGGGGCG,0.10606060606060606
0,GAUUGAUUCUAUGAGAUUAGUACGAAGCGCUAAUAGUUUGUCAGCAUUCUAUCGCAAACUCAGAUGUAAUUUCAG,0.09333333333333334
0,GUUGCGCUGAAUUG,0.078125
0,ACCAAGCUCCCCGGGAAUGCCCAUGGCUUAUCAAAGAGUCCU,0.10526315789473684
0,C,0.018518518518518517
0,AAUGCGUGAAGCAAACAGGAAUUGAUUCUUGCGAUGUAAGUCGUACAGGCUGGGAACCUAGAAGCCAACUGCUACGGAUAUUCUCAG,0.09195402298850575
0,AAUAGA,0.10526315789473684
0,UGUUUGUAUUUUUCGUCCAGGAAAAUUUACCCAUUGCAGGCAGAAAGCAUACCGUCGUCUCUCCACGAUCGCCAUAACAGAACGUUG,0.08045977011494253
0,AGCCCUGGCAGUACCAGUGGUCGUCCGUUACUAAUCACGGCAUAAAAG,0.09375
0,GUGAAUCAUGACACGCUAAUCAACGGCGCGACCUUACGAAGACAGAAAUCAGAUCAGAGCGCCCUCGCAGCCCCUAACCAGC,0.08791208791208792
0,UGCGUUCUCUAAGGGGGCGAUCU,0.07575757575757576
0,AUUUCAGCGCAACUCAGGGGUGUGGGUCGUUGCC,0.12121212121212122
0,AUGCGAUUAAGCGCUUCCCGUCGACCUUCUAACCCAGCGUCCGCGGCUCGCAAUG,0.09090909090909091
0,AGUCUGAGGCCAGACUGGAUCCAUUGGGG,0.0821917808219178
0,AAUGGAGCACUCCG,0.0684931506849315
0,CAAGAGUGGCA,0.09090909090909091
0,CGUAGUCACCCCGUAAUGGUUAUUGUGCAUCCGGAGGAACGCCUAUCCC,0.08771929824561403
0,GCGCGCAACAGCGACAUGGGGCAUUUAAUACGCUACCAACCUGUCUAGACUCACUUAACCUCCGCUUGGACAAAUACGUAUCUCU,0.07058823529411765
0,GGGGUGGUUGUUUAAUUGUGAUUGGAAGUUGUCAUUGAUUCCGGAGCCGAACCCUGUAUGUCUACUGGG,0.08695652173913043
0,GCGGUGCUUAGUCAG,0.08771929824561403
0,GUCCUGAUAUGGACAAG,0.07462686567164178
0,GUUGUGGGCUAAUUGCGCAGACGACCCGAUAUUAGGCUAAGGGUUCAUCA,0.10606060606060606
0,UGGGAUACAUACUAAUUAUCUAAAAACCGCCGAGGUACUGGA,0.09230769230769231
0,CUAAGAGCCCCCAAAGCGUCUCAGGUUCGCCGCUAUCACCGAAUACCCCCACAAUGUCGGAAAUUCCUCAUGUCCCUAAGU,0.08641975308641975
0,GGAGAGCUGCUUCAUCAGGAUGGGCUGGAUAAUGAAACGUUGAAUCCUCUGACUUUUCAACACUUACUUGUACGCGGUCCUUUCAUCAGACCUAGAAUG,0.0707070707070707
0,CUCGAUAUUCCAGGCGGCAUGGGAUGACUACCAGGCCGCAAUUUUCCACUUCGUUUCGAAGCAAGCCUUGCAAUCCAUUC,0.0875
0,UGUACAGCCUGC,0.08620689655172414
0,UAAUUUCCCCCUAUUACUGGUGUCAAAUCAGGAUGCGGUGGGAAACCAGUGCCUAGGUCCCGCGCCAAUAACAGUAUCA,0.08860759493670886
0,AGAGAGCAGAAGCUCGUGUGGGGACCCCUGAUACAUAUACAAACAGUCAGUUCU,0.10526315789473684
0,UUUAGAGCGAAGGCCUAUGC,0.1095890410958904
0,GUGUAUUCCGUGACCCCUAGAUGAUAACACUUAGGUUUGCUGGUUACUGACUUGGGAAAUAAGUGGUGG,0.10144927536231885
0,UGAGUUUAUAGAGGGCGAUCUAGGCGUCAUGGGAACAUUCAUAGCGAGCUCAACAAAUUCUCGAGGACAUGUCCCGAGCGUGACGCGAGUUUUGCAAACU,0.07
0,GCGUAG,0.07575757575757576
0,UAACGGCUGUUUGCGUAAGACUGACUAGAGCGUAAGUGAUAAACAUCGCACCCGACUGCAGGUACUCGAUUCGAGUCUGUUACACGGUACCACCCA,0.07291666666666667
0,AUUGG,0.06896551724137931
0,ACGACGAUCGACCUUGGGGUGACAGUGAAGUAA,0.1044776119402985
0,CCUACUCGAGACCUCGGUCGUCUCUUCCGCCCCUCCUACUCCCUAUUUCUUGUUACGAUACACCGUGACGGCAGCCAG,0.08974358974358974
0,CGAAUACCAGCGCCGGUGAUGAUC,0.08620689655172414
0,UUGGAGUAUGCUAGAUCGCCUUAUGUGC,0.12307692307692308
0,AAUCUCACACGGACCAUAAGUUUCC,0.08955223880597014
0,GCGAGAUCUAGGGCUUGAAUCGGAUAAUGGGGCAGGACAUCGGGCUA,0.10606060606060606
0,UGCCUGUAAUCUUCUUGGUAUCUUUAGGC,0.1076923076923077
0,CGCCUACCACUGCACGUUGAUGGUGUUC,0.10344827586206896
0,AAAGACCUAAAGGAAAU,0.08450704225352113
0,AUUUUCGUCGGGCCGAGAAAUUGGAACCCAUUAGAUCGGUUGUCGUA,0.1206896551724138
0,UAUCUAGAGACUGGAAA,0.08064516129032258
0,CCCA,0.05555555555555555
0,ACCGCAAGAAGGUGGCUUUCGUUCGAUUGCUAGUUAGGACGGGUUAGGUAAAAAGUGGUAAUACACACCAUUUCAAU,0.09090909090909091
0,UGAUCCUAUGCGUUCCACCUCGAGCCGUAAUGGCCUGUGCUUCGUCAUCCCGGCGGUCCGUGCAUCU,0.08955223880597014
0,CGACAGUCACCGACACUAAGGUGGGUAACUCGUGGUGCACCUCGUUGGUCUAAAAGAAGUCAACUCCUCCUGCCGCA,0.09090909090909091
0,CCUAAGAUCAUGUAAUGUCACACGCA,0.09090909090909091
0,GAGCUAGGCGUCAUUCUAGACU,0.08771929824561403
0,GCCUGACAAGCUAGCCGUGGGCCGGUCCCAUUCACAGCCUUACCCUACGGAAGGACCGUUGCGGUGGUCUC,0.09859154929577464
0,GUCGGCGUUCUUACUAGUAAGUGCGAUUUGUCCCCUAUGUGCACAAACAACUGAACUUGUCUUCGUUUGG,0.08571428571428572
0,UUCUGA,0.0625
0,CGCGGCGCGCUUGAGGGACCAC,0.07042253521126761
0,UUAAAGCGAACAAUCCUCAUAGUUA,0.10526315789473684
0,AUGGCUAGUUCUCGGACGU,0.12280701754385964
0,GAUUAGGGGGACUGAUUAUCAUGU,0.0967741935483871
0,GGGGAGACCCUACUCUUAUACCCUAUUUGAAUCGUAUUGGGUCGUCCUGCCUGUUCCAU,0.13636363636363635
0,CGUACCAUAGUCACGUUCCUUGACCGUCAUGCGUUUGUCACAAAGCGUGGCGGUGCGUUCUAAUCACUGUCUCCGCUUACCAU,0.08433734939759036
0,UGAUUUG,0.07462686567164178
0,CGGGCGAUGCGUCCCCAUAUGCCACUCUGAGGUGCUCCAUGAAGCUGUACUACGGUGCACGACUUCCGUCUUGUCAGACGUCAA,0.07142857142857142
0,CUCGGUUGCGCCAGACUAUGGUACCGCCUAAUAAUAGGUAACUCGGAUGGUCGAGGCUACGCGGAGCC,0.10294117647058823
0,GCCUGUACAACCCCAAGCUGCGUAUAGCUGAGCACCAGGAAAGCAAAUAGAAAAGACAAUGCCGAGGUGUAAGUAAACGAAUGUAUG,0.09195402298850575
0,CCGCGCGCCGUUUCAGUCGUCACGCUAACUGUGACCAAAAACCC,0.12280701754385964
0,AUUGUCGCGACGCAUUAAUGUUACAUAGCAUCAACCUACACGGAAACCACGAUAAAAUAUCGGCUCAAUUACAAUAUCCUCUCUGCAAGAGCGUU,0.08421052631578947
0,CGGCGUCCGUGCCUAUGAAUUCGUUACUGACCACUUGGCUGUCUACUCGUCCUAAUAUGCAGAAGGUACGUAUGUUUCG,0.08860759493670886
0,AAUUGGCACGACCUUAUCAUCUGU,0.09090909090909091
0,GACCCAUGCAAGCCAAUACAGGACGUC,0.08955223880597014
0,GUCCAACUUUCUUGUGGCUGCCUGGCCCUCCACCCUUGGAUCCAAUGUC,0.08064516129032258
0,UGCGCAAAGCUUAGGUGAC,0.13432835820895522
0,ACCGUCAUCAUCCCGGACAGCGAACCAUAAGGUUAA,0.0821917808219178
0,CUGGUAACCCUCCCGUCGCGCAUGA,0.08333333333333333
0,GCACCUUGCAUCGCGUAUGAAAGAGA,0.10526315789473684
0,AGGCGGGCGCUAAACUCGGCUACAAUCCACUCAGAUAACCCUGCGAAUCACACCUGGGCCGA,0.09090909090909091
0,UAUGGCGGGGGUUGAUGGGGAUUAGCGCCCACUAAAAAUACCCGGGUCAGCGAUACACUCCGACAGCUGGAUAGUAUAACAGACGACCCCA,0.08791208791208792
0,ACCUAGCUUACGUCAACGAGUCUAGAGGGCUCGAGGGACUUUCCCGGUGGUCCG,0.09375
0,GAGCCUCUGUACGGGUUAUGCGCUGAGCCCAGACAAACCAUGACGAUGUUCAUAACCCAGAACGAGAACUCGUAUCAUGGCGUGA,0.08235294117647059
0,CUUCGUGUA,0.07017543859649122
0,GCGUUGCGUGUAGACAGUCGGUAUCGGGUGGUGAUUAACCGUAU,0.08620689655172414
0,CGACGUCGUAAACCUA,0.08771929824561403
0,CUGCAGAGGCCCAUUAGAGGUUCGCCGAAGG,0.109375
0,GUGAUCGUCAUGCGCAAAGAGACUACUAAGGUCAACUUCCCACUACUAUAAAAGUUCGGUGGGAAAGCUUCUAUCCUCACUUUGAGAGUUUUUUGCAA,0.07142857142857142
0,UAAUGUUAUCUCUGAGGGCCUCGUACUACCGGUAUGUAAGUAGAAGAGCCUCACUGUCUGUACGUUGAGACGUUCGGUCAGAA,0.12048192771084337
0,GUAUACCUGUGCCGACCCGUGCCGAGAAGGCAUAGAGAGACGAGACUCUCUUACCGAGGGUAUUGGGCGCCUUAUAG,0.09090909090909091
0,GCGUCUGGGUAGCUAAGAAAGUCAUCUG,0.08064516129032258
0,GUGUGAUGCCUCACAUACCUGUACACACGCGGAGUGGUUAAACUUCAUCUUACCCCGCGUGAAACACCGUGUAUAUAUACAAGACUUGUGUGA,0.08602150537634409
0,AUACACCUACACGCCGUGCUUUCUCAACUGCUCGAUAACCAAUAAGUCAUUGCGAACUCAUACUCUUGUUCAUAUUGAA,0.08860759493670886
0,UUGCCCGAUCCGAUUGGGCAGCAGGCUGUUGCCGCUCCCCUGUGACCGUAGUUUGUAAUCCCCAGAUCAACGUAUCCGAGGACGAAUGUGGGC,0.07526881720430108
0,AGUAUGUU,0.07017543859649122
0,UAGAUUCGACGCUAUGAAUCGGAAUCUCAUAUCGUUAUCGGAGGAACAAAAAUUAGGCCGGGAAGGGCCCUCCGUCUCCCUAA,0.08433734939759036
0,CAACUCAACAUACGGGAGCAGGCUCUACGACGGGCGAUAAUCCCUACGAUCUCAA,0.11267605633802817
0,CGAAGAUUAC,0.08771929824561403
0,AAUGAGAUAAAGCCGCAACUGUUACAAGACUGCAGCACGUACAAUUUGGUCAUCGUCCUGCGGCGGAGCGUAACUGUUCCGCCGCAUUCAGGGAAUGUCU,0.07
0,GUCCCACCUGCA,0.1076923076923077
0,UUCACCGACUGGGCGACAGAGAAUGGCCCGGCGAUUAACAACGAGGCUAAAGUCUUGUAGGGGCUUGAUCGCUGGCUCGUAC,0.07317073170731707
0,CCUAGCGAAUAGUCCGAAUGUUGCGCCUCU,0.1111111111111111
0,CCGAUAACAGUGCUUUAUUAAGUCUAGCCAAGAUUAUCUCUCGAUUGUGCGGCCUCAUGCGGC,0.1111111111111111
0,AGAAAAUGCACAAACAACCGUAUUCCAACGACACAACGUCUUGGCACUCAACCUUUGCACAU,0.11290322580645161
0,CGCUAAUCCCCUUAGAGGGU,0.08955223880597014
0,GUACAUAUAUACCUGAUAGGGCCACCACUGGAAGUUGCACG,0.09375
0,CGGCUCAAUUCCGGCACCGGAAAGUUUUGAUGGACACUCUAGACAAGCACAUACAAAAGAACCGAGUC,0.0958904109589041
0,CGCCUCACAGGCUAUCGGAGUGUCGGUUACCUCACUUUGGUAUAUUUCGCAAGGGGUUGAGUUUG,0.09230769230769231
0,CUAUCCUGUAGGAUCUCUACGAAAAAUCUGGGAGGAUACAUGGUCCCGGGUAAUAUCCAUCAAAAAAGCUCAUAAC,0.07894736842105263
0,AGUGAUAUG,0.07575757575757576
0,ACAUUAUGCCAGAGCCAGGCUGGGGUUAAAUCGUUGGAUGUGUCAGGCGGUACCUCUAUCGACACGUCCGCGAAUUGAACUUAGAAGGUUA,0.08791208791208792
0,AACCAUUUGGACCACUAAGAGGGGAGCUCUAAGCCGCAUCGAUGUAGCGAAUAAU,0.08771929824561403
0,AGGCAUUAGUUGUGU,0.1044776119402985
0,GCAGGGUACUCCGGAUU,0.06593406593406594
0,ACGAUCGUCCUUUAGCUUUAACACGCAGCC,0.09090909090909091
0,CGGCCCGCAUGGACAAGGUUCAGGCACAUAUGAUUUUGCAGACGUAUGUAACGCGUGCGGGUAUGCCUGGGCGUAAGAGUGAAACAAUCG,0.1
0,GCCACCUGAUAAGCGCCUGGCCCCCU,0.09375
0,GAUGAAGCGUCCGUCAUUUUGCAGGUUUCAACAAACUGGAAGCCU,0.11940298507462686
0,AGCCCCACCGAUGGUUAUGGGCCCAUCAUCCCGAGGUUAGGGGCGCGUUUUAAUCAGUACGC,0.0967741935483871
0,AUGCCGCUCAUCUGGCAACACGAAAUCCGAAUACUUCAUGGCG,0.125
0,AAUAUGUAGCGGAUCUCCGAGGGCCCCUUUAGGCGGCCGAGAACCAAACGUUAGGAAC,0.1095890410958904
0,UAUUAUUGUAGAGUUUCCAGGAACGUCAUGUACCAUUGUCAAGCGGACAACUAAUCGAGCUU,0.0967741935483871
0,AUUUAUGGUCGGGGGAGUGCGUCACGGCUGUGAGAGCCUUGGCGGAACGAUCUGUCAA,0.11290322580645161
0,AUAAAGUAAAGCAAAGAAUUCGUUAUAGAUCUCAGACCGCCAGUUAUAUACAGGCC,0.1267605633802817
0,AGCGCCCACGUCCCUUU,0.0958904109589041
0,UGAAUGCAAUGGAUUCUUGUCCGGCUAAGGAGCGUCAGUUAGAAACUGACCGUUACGCGGCAGCUACGGCCGAACC,0.07894736842105263
0,GCCGUAGUGUCGGACAUUUAGAGUGCGUAUCGUUGCACUCUAGGAGGCAAUCGGGUCCGUCGUCGACAGAGGGCG,0.08
0,UACCUUUGGA,0.08620689655172414
0,GACCCUUAAG,0.0684931506849315
0,UAGGUCGCCGUAAGUAAGCGGGGUGGGCCCUGAUCCACCAUUAUGUCUGACCACUUAUGUAACAAGCGAACGCCAUUGA,0.10126582278481013
0,CAAGGUGGUGAAGGCGUCUUCUGGGCAAUACCAGCGCA,0.12962962962962962
0,GUCCUAGAACUCUGUGACACUAAAAUCGACUGCGGCGUAGCUGACGUUAUAUAGAACCUCAGCUUGGACUAGUUC,0.13333333333333333
0,AUUCAUAGAUUAACCAUCGCUGGUCCGAUCUUUCCAGCUGUUGCCUACAUUGCUACC,0.10526315789473684
0,CCUUAACGCCCAGAUCACGGACCUAGGAGGAAGCUACAGGAAUACUGCAAGAUCUGACAUGAGUAAUGCCUGGUCCAGGAGAUAAG,0.06976744186046512
0,GACGGCGCGGGUGGUAAAGCCGAUGGUGACCAGCGUACUGCUAUGCACGUAUAUACCAUAUCAAUUGAUGCGCGAAUCAACA,0.07317073170731707
0,CAUUCUGAGGUAUCCGGGUAGUACCUUGA,0.09230769230769231
0,GGCUUUCUAUUUCUGCCUUGGCCCGGCGUG,0.078125
0,AGGCCUAGAUUAUCCCGGAGCACCGAGAUAGGAUUUCUCGAUUCUGAAUGCACUGCGAUUCGCAUCCAA,0.08695652173913043
0,GAUUCGUCCAAUGCGAAACCGUUUCCGGCGACAUUCAAAUGGGCAACGCAUUGGACCGACAACCGAGAAUGAGCUUAAUCGA,0.08536585365853659
0,CGCUUCGUUAUACUGUGGUGGCCUGAAGACUCUUGUUAGAGGUCAACGUUCUGGUUCCCGUGUGCU,0.0958904109589041
0,GGUUA,0.07017543859649122
0,UGCGAUGCUUGCGUUGGGUCGCAGCACCAUGGUGUCACCAGCAGAAGCAAUCG,0.09375
0,CUUGUGAAUCGACCCCCAACUGAUGCGUAGUCAAGUUGGGCCAGUCCUGAUCCCUGUGGAGACGUG,0.10606060606060606
0,AGUAGGAAUCCAUCAUCCCUCUUUCUUCUAACGUGCAAAAUAUCGUAACUGCUUAAUACGAACGCUCCUACGCGGGUUAAGAA,0.08433734939759036
0,GUGACUGAUUAUGAAACCUACGUGUAACUGAAUACAAUUUGAAGGUAGGACGGAUAGCUUUCCGUAAGUAAAAAGUGGGGUCG,0.08433734939759036
0,UCUCGAGUGUUUAUAGGUGGAAAAAAGGUUGGCAUGAAC,0.09375
0,CACGGUUGGUUGAAAU,0.09259259259259259
0,AACUGUGGCGCGUCCCACGGGUUAAGGUAAUUGGUAAAGCACGCAGUCGGCGCGGUAGUGGUUACGCAUAGCAGGU,0.10526315789473684
0,GCGCUGGCGGCUGGCGGGGCAUAUUACAAACUG,0.10526315789473684
0,UGG,0.05263157894736842
0,GAAUCGAUGCUCUAGUAGCGAAGCGUGUCCCGACAAACAAG,0.1111111111111111
0,CGCGUUUCCAGACACAAUCUUCGUUCACCACUUAUAAUAAGAAGCUGGAAGCAUAGACAGGAUAGCCAGAUCCAAGCGAAACUCCGCGGCAGU,0.07526881720430108
0,UGAUCACGUAUCUCUCAAAAAGUUAAAAUUCCGUUCCGAAAAUGGGCCAGACCCAUACAGGAGCGUAUUCC,0.09859154929577464
0,CACAAUACCCAAUCCUAGCGUAAGCAGGGGGCGUUUCAGGCAGGUCCAAAUUGGGGGUCAGCUUUAACGUACACUAAA,0.10256410256410256
0,CGAGCUUUGUGACCCUUCUUGAUCGUUCACUAUACAGAGGACAAGCCCUCGCCUGUUGGUACGCGUUGGUCAUAGACCGGAGAGAUGAUAAACUCAG,0.07216494845360824
0,GGC,0.045454545454545456
0,UCGGGUGCUCAUGUUGUAAAAGGACAAAACCAAAUAGCUG,0.15517241379310345
0,GGCAACGAGUUGCGGCCGCAUGGGGCAGGCUCGAAUUGGACUCGAAGAGAAGUUCUAGAACCUAUUGAAAGACUCAGCCGC,0.08641975308641975
0,UCACGCUACUAGCCGUAUCCCAACAUUAUUCCCCGUGGCCCUUCAUCGCUG,0.07692307692307693
0,GUGGUUACCGGUGGUAUUUGUUAUUGUAAUUGUAGUUAGGCUC,0.125
0,AAGUACGUACCCCGCAUAAUCAACAUAAGAUCGUGCACUAGGUGACCAGCAUUACCUGCGCCGGCUAUUUUUA,0.10101010101010101
0,AGACAGUUCGAAUGG,0.078125
0,GAACGAUGUAGCGCGAAUCCCAAGCGCCCGUGCUAAUCGGAACUACGUUC,0.08771929824561403
0,GAUUGUUAGUGUGAGUUGUCGAAAUAUGUAGAUAGUUGCCUGAUUG,0.1044776119402985
0,AGCACCCAGCAGCUGGUGCGUUCACCAGAACGCCUCUACAAGUACACCGACGCUAUACAGUCAGUGCAUCGCCGUCACAGGCUCGGUGGGGGCUGGGG,0.08163265306122448
0,GUCGCCGAAUCAUCGAAAUCCACUUUAUC,0.10344827586206896
0,AUCAAAACCCUGCUAUGGAUUAUAUGUUCUAUUAGUGUCGUCGCGUCAUGCCAGACGAGUGAGUUAGGUCGCGCUCACCCGGAGAGCUAGUUGGGGAG,0.10204081632653061
0,CUCUAAGAAUGCAUAUUAGGUGAUACUUGCAUGUACCGAAAC,0.09090909090909091
0,CCACGCAAUUGCCGCCGG,0.078125
0,GCGAAAGAUACCUCGAUGGUGGGGAACGGC,0.09333333333333334
0,GUUGAUAAUUAAAAGCUCUGUGGCAGUAUUCAAAGCCAAAGUGAUUUGGAGAAUAUGGAGCUCUCAGUCUUAGUAUAUUUCCUCCAGU,0.10227272727272728
0,ACCAUUUGAUUAGGCCGCACCGCGAGCAAUAAGCUUGACCCAAAGUCGCACCAUCUUCAGACUACGAAGCAUUCUAUCAGUCAUUCAA,0.06818181818181818
0,GACUUCUAAGUCGGUUCGACACUGUUUACAGGG,0.08955223880597014
0,GACAUCCCGACCCAGUGGGCACCGGACAAUGAACAGCCAUUUAACUU,0.109375
0,ACGUUGCACGGUCCAGUUACAUUA,0.10526315789473684
0,GCGGACCAAUGAGAUCAUUCAUUUCAUCCUGCCUGGAGUGACCAACAAUCCCCCCAAUUAGCUAAGCUACUACUUUGUACGGGGCAUCU,0.0898876404494382
0,UCGAUCCCCUUGGACGACUUGCUUCCGGCGGUUGAGCCGACCGGGUG,0.09259259259259259
0,GGCUGUCGACUCAGUUCAAGAUCUGUCGAACUAGUGGCAAAGUAGAGAUAAUUCUACCGCAACCUUCUAGG,0.09859154929577464
0,AAUUUUGAAUGAUAACCGGCUUUAGUGCCCGUAAGGGGACGAUUUAUG,0.1206896551724138
0,CUUUCCUGUUUCGACAACUCAUAGCUUCCUCUGCAUCAACGCGAACCUAUGGACUCGACAGU,0.11940298507462686
0,UGACUCCGUUGGGGAACGCCACGCGACGGUCGUAAGUAGGCCCGGGCGUGGCCCUGGUAAACGAACACCUUUGUGGUGCGCAAAUU,0.0989010989010989
0,UGUUAUCCGGCGCCGUUAUGAGAGCAGCAAGCGCCUAUACAUUCGAGCAUUGAACGUUGGUCUACAUGCACG,0.09722222222222222
0,CUCGUGACCGAGAAUA,0.09090909090909091
0,CUAGUACCUGAGCUUGACAUGGAGACCAUUUGAAGGAAUGUGCUCCCUAACAAACUGUUGAGUCGACGUGGAAUUGCGAUGUA,0.0963855421686747
0,ACCUAGUCUAAGCGGAGCCAGGUUCAAGGGAAAUUC,0.1044776119402985
0,UGACCGAGAUAUCUUGUGAUGGAAU,0.08771929824561403
0,UGAUACCAUUUGUAGAUCUCGCUGCCACGGAAUGUUGGGUUUCAACGUAUAAAUCGGUC,0.13636363636363635
0,CCUUGUUGGAAACACGUGCAUUCUCGCUCUAUCGCUACGGGCUCGGCAGAUUGGAUCAGGUUACUAC,0.13432835820895522
0,GCU,0.05263157894736842
0,GUGGUAUAUUGUAAGCGACUUAAUCUCUCUCGAUGCGAUCGUUGACCGUCGAUAAUUCGCCGACACUAGU,0.11428571428571428
0,AAUGGAAUCCCCGAACUGGUCGUAAAAGGGUAACAUUCACACAGGUUUUCGAAGAGAAAGAAGAUUGAUCUAUUAACUGCAGCGUAUGCACUAUGCG,0.08247422680412371
0,CUUGAGUCGCUAGCAAAAUUUAGGGCUGUAACCAAGGGUGAAUUCCAUAGGCUGAGGCAGCAAGAUGAUGCCCGGCA,0.1038961038961039
0,GGUUUAACAGUGAUUUA,0.08333333333333333
0,CUUUGUUUUUGGCAUAUUCCUGAAGUCGAGAUUGCCAAUGC,0.13793103448275862
0,UGUCGUAUACACCCGCAUUACCUGCAGAUUCGCAGCGCAAUGGCGCCAGCUUACUGCAUCCUCCC,0.1076923076923077
0,GGUUCAGGACACCGAUAGGGGGCUCCAUUAACCCAUCGCUGGUCGCGUAGCGAAACACUCUAUCGCUU,0.08823529411764706
0,CACACUGCCUCUAUGGAUCAGAUACGACAUCGCAUUAACUCUAGAGGAGGCA,0.09090909090909091
0,UGGGGUUACUCACACUCCAAGUAAAGACGGCCACAACGUAGGCUAAACUCGGACUGGGGGACAAUGCUG,0.136986301369863
0,UGAGUAGCUACUUGUCUUAAGAUAUAUCGUCGGGAGGAGGACCUCUCGA,0.09230769230769231
0,U,0.017543859649122806
0,UAUCUUCUUGGUUAGCUAGUCACAUCUACGAAACC,0.08771929824561403
0,UGCACCGGAAGAGCAAUAAAGAGCCGGUUACCGCAAUAACAUUUUCGCGUUGGUUAGGAUACGA,0.09375
0,ACUAUCCCACGUUCAUAAUCCUCCGGAAACCAA,0.0958904109589041
0,UUUCCAACGAUCCCUAUACGCGUGAAA,0.09090909090909091
0,GUAGCUGUUGUAAUGAGCUUGCUAACCACCGGUACUCGCCAGUUGUUUGCUUUUUUACUGAAAAACGUUCCUCCUUCUCAGGGUAGGAAAC,0.08791208791208792
0,CAUGCAGUUCGCACCGUCAGGGCCACAAUAAAGUACCGGAUCAGCGUUGCGUGUCGGGGCGUAAUGUGAUCAUUCUGAUCGCU,0.0963855421686747
0,ACUGGGUGUAGCACGGGAAACAUACACAACUCAA,0.1095890410958904
0,ACCCGACCUAACCGCCAGAUUACCGGUACGUACGGUUGUAAGUUUAUUUCAAUGCAAAAGUAUUUUGCGUUGCGAAAUUGGAUAUUGUAGGACAU,0.08421052631578947
0,ACAGUGUCACUGGUUACUAAGGGUCUCACGCACGCAGUGCGGAUCCGUGAUCCCCGAGCACCCAGUAAAAUCGUAAAGACAUAUCUUAUUCCUCGUUGU,0.09090909090909091
0,AUUUAUGUCGUGGAGACUGUAGCUC,0.08771929824561403
0,CAUCUUAAGGAAUUGGGUCCAGUGGGAUGUCCAUCCCAAAGGUAACCAUGGAGC,0.09375
0,GUUUAUAGAUCG,0.10526315789473684
0,CCCCAAGCGGGAGCACAUACUCGACACCAGGACCUCCAACGGUUACGAUGGACAGGCGCGAGGUAUCUAC,0.08571428571428572
0,UUAUAGCGGAAUUGUACAGCUUACUGCCUCGGAGGCCCUUUCCGCUGCAACCAGCUAAGAGCGAUGGUAUUGAGUAUCAAGCCUUAGUGGGUAACCUAG,0.10101010101010101
0,UGGCGGCUUGGCAGUAUCUCGUAAACUACCAUGUGACUGAAUCUGUAGCUUACUUAAGCCGUGCGUUGGAGCGCACAGCCUACCGCAUAA,0.0989010989010989
0,UGGUGACACAUGUUCGCAUAAAAUGAACAUAUGGUAACACCUGCCACGGUGUUAUACAGACAGAUUCAA,0.08695652173913043
0,CACUGGCAAAAAUACGUGGUUCUAAGCGGUUAUGAAAUCAAAUUUAACUGUACCCACAAACUCCUAAGUUGGACGACUUGCUAUC,0.09411764705882353
0,CCAGAUUACAGACCGUUAUGUUAGUGCUCUUAAGGUUGUUUUGUGUGGGUCCACUCACACCGCCAUAAGACUCAUAUGGGAGUCUGCCAGCUUACCG,0.061855670103092786
0,CGCCUUAGUAUGGCCCGAAUGACUCGUAAGCGCCACUUAG,0.1
0,AUUGGUUCCAGACUUUGAAUACUACCUGUCCUCUCUACGCACUACCCACACUAAUGAG,0.0958904109589041
0,UCCGGCCGCAGUUUGCAUUACUUAGCAU,0.08695652173913043
0,GACAGAUCGACGGUGAGAGCGCAAAUAAU,0.09090909090909091
0,UGUCGGAUAU,0.07017543859649122
0,CGAUACUAGUUCGGUGUGUCUCUUUAAGUGUAUUCACU,0.10526315789473684
0,CAGGAGAAUGUUUGCUCCACAUUUCGC,0.10344827586206896
0,GCUCCGCUAGA,0.09230769230769231
0,AUUUACCUGACCACCUCAAUGGCUGUGGCUCCCAUGCGGAUAGUUAAUUUGCAGCUGUUUACU,0.09090909090909091
0,UCAAGAUAGACAGGUAGUGAGAGCCAAACAGUACCCAAGUUUUUCUAUUCUGCAACGUCAUAGUUAGGUAGUCUGAGUAGACUUUCCUAAAG,0.08695652173913043
0,GAGGUAGCGCUCUCGUCGGCGA,0.13846153846153847
0,UAUCUCACUGCUACUUAGCAUCCUCUAUUAGGGGAUGAUUGGCUGACCUGAUUUUGGUGC,0.13333333333333333
0,UGUCACAUUUGUCGGAUCAUGCGGACGCAAUUGGGCCUUAGGCUGCAAUUCGUACUCCAGGGUCAUCUGGGGCUGAUUAU,0.1
0,CAGAAGCAGCAG,0.07462686567164178
0,UAUUAGCAUCUUGCGCAGCAUCCGAUUGAGGCAGAACAAACCGAA,0.078125
0,AAUAAGUAUAAGACGUCAAGUAAUUU,0.10344827586206896
0,GUGGUGAAAUUCUCGUACACUUAUGCUCACAAUUAGGGCUGUCACAAUCCUACCAUGGCUAAAAAUGUCAGUACGA,0.10526315789473684
0,CUUC,0.0625
0,AUUUAG,0.07246376811594203
0,UACUCAAUUGGGAGACACCGCGCAGGCGCUGAAGGUAGUAAGACGCAAGAAGAAGACGGCCAUAAAAUGAAACCCCGCCUGCCAGGAGGGA,0.07692307692307693
0,UACUGUAGUAGAGAGCGGUUAACUAAACACCAUUGAGAAAGGCCGUGAAUAUGGAUCGUAUCGUCGCCAGCAUAUGUACGAGUUCCUCCCCUAGGUCG,0.061224489795918366
0,AGCGGUGUGCCUUCACUUUCAGUACGUCAGCCCAAGCAGUUCCGGUAGUCGUAAGAGAUUAUCAUAUGAAACAAAA,0.09210526315789473
0,AUACUUAACGGAUGGUAUUGGGCGCAGCCUCAACUCACCGAGAGUAGCCAGUAGCACACUUGCGGGCGU,0.08695652173913043
0,UUCUAGCACGUGACAAGCAUGACGGACAGCGUUGUGUA,0.08064516129032258
0,CAGGUCCCUUCCCACUCCAUA,0.07462686567164178
0,CCCAGAGCACCUGUUGUGGCGUUUCGAAGU,0.09090909090909091
0,GAGACGCGUUAUCAUGGUAACCAAUGAUAACAGCGCGGUGCUCACC,0.078125
0,GGGGACGCG,0.08771929824561403
0,AGUUGAUGGCAUAAUGUAUGACGCACCCGCGGUCGGUUAGCCGCCCGGCACAGUCCGUCUCGAAUCGUCGCGCUUAUUAUCUG,0.0963855421686747
0,ACCACCUUCCGAACAGAUCCCUGGGGAAAAGGGGAAAGCAGAAUGAUACAACGUCCUGGCUGUUGUCGGGGUGGA,0.09333333333333334
0,AAUAAAUGCCUUACAUACAGUUGAAACC,0.10526315789473684
0,AGGUACGCAAGGUGUAAGUGGUGAAAAAUUCCCUAUCUCAUAAUCCGAUCGCAAGUAUUCAUGACCCGCGUUUUGA,0.11842105263157894
0,CAACGGAGGUCGUUGCUCACGCCUUUGUAGACUUCUGGUGCAUAUUCCAAUCUCAGUUGUUCGCUCUAACGGAACUGCAGGGUCCUUAACCCCCGUG,0.08247422680412371
0,GAAUGAUAACCACGGGAUGAUUCGCGCCGGAAUGUUUCCCUCACAGUUAGUUUAUCGGGGGUUGGGCGGAUAUUAUCCAACUGCGUUUUGGGUAUCUUU,0.10101010101010101
0,CUACCACUAAGUAGGCUAAGCCAACAUGUCGGUGGCCCCACAGGCAACUCGCAUAUGAGCAAGUUAGGAUAAUUCACUCCG,0.08641975308641975
0,GGAGUAGGGGAUAGGCACC,0.09090909090909091
0,UACGCCGUCCUUCAACGCCGUGAGUUAAAAGGCUCUUCACAAAUACCCAGACAUAUCU,0.1232876712328767
0,AGACAAUGACUUCGAAUUUAGGCCGGUGAGUUGCGUUUCGGCCCAAGUCGUUGCUUUUCC,0.11428571428571428
0,CCUCAACGGAACACUAAUCGAUCUUGGAUUGUCUGUACAAAUACUAUGCUUAUUUGAUCCAAGUAGAUA,0.08695652173913043
0,UCAGGUGGG,0.07575757575757576
0,GCUGAAACAGCAGUUAAGCAUGACUGAAGCCAGACUGUGUCAAAUGCGCUUAGCUACCGAGGCGUUGGGAGUAAGCACAGCU,0.12195121951219512
0,CUGGGUCAUGAGGUUAACCUAUGUGGCUGGAAUUUAAGCGAGACGCGACAUCAAGAAAAAGAAUGAAUAGCAUACACUCGCGCCGA,0.09302325581395349
0,AGUAAUCCGGGGCGGACGGAAAGUAUCUAUCGACCCUCCUGGCU,0.109375
0,GAGC,0.0625
0,ACAGCCGAGUCUGUAUCUCGUCCUUCAGUUGUAGUCUUGGGGUUCCACAAGGCUUUACGUAUUUUCGACCUGAGCAGA,0.11538461538461539
0,UACCCCUGAUC,0.0821917808219178
0,ACGCAUCCAGUAAAUUCGAUGCAGGGCUUGACGUAUGCCGUGGAGCACCUCCGUAUUACGCC,0.0967741935483871
0,GAGCAAGGAGAG,0.078125
0,CGUGGUAAUAUAGCAACAACUCGAACGUAAGGUCGUCGUCGUCAAGGCAAAUGAGCGGCAUAACAC,0.10606060606060606
0,CGUUUCCUGUUUAAGGGAAAUUUGUGACUUAUCGCCGAUAAGGUCCUGCUGCCGAGCUAACUGGAGCGAGACAGUUCCA,0.0759493670886076
0,UCCAUCAUUUUCCUGCCCGUGUUGCCACUGCAAGUUAUAUGGCCGUCCAGUGGGGAUCAUGGAUUGGUUGGAAACAGUUAGUAGCCGAGGAG,0.07608695652173914
0,GCAUGCCACGGCUCCGCUUAGGCCAGAAAGACCAAGUGCAGAUCCACUUCUUAACUAUCCUAGAUUAAGCCGAGGCGCAAGGUUACCGU,0.0898876404494382
0,CCUGGACUCAUGCAAGUCCCUUAAUGGCUGUGGCUUGUGUUCG,0.09722222222222222
0,UGU,0.043478260869565216
0,AUAGUAAGUG,0.0821917808219178
0,GUGCUAGGCCUUACGUGAACAAAGACAUGAGCUGAAGGGACACGCCGUUGACGCAUCCCGCCGAAUGACUCAACCACCGGACAGUU,0.08139534883720931
0,CGCCGUAAAUUGAUUAAGGUCGUUACGGGUCUGCAGUGCGUAGUCUUUGUGACACCCCAAAGCAAUUUGGGCGAGUGGCUACUCGGAAGUUGCCUCCA,0.08163265306122448
0,CUGGUGCGCUCCGAGGUUCGUGAGUUAGGAAUCGUGAUGUAUUGCCAUCG,0.09375
0,GUAGCUUUGCCGGAGUU,0.078125
0,UUCAGGAACCCAAAGGUCGAACUCGCGGACCAGGAUUAAGGCAAGGAUAAAAUGUUACAAACUAGA,0.13636363636363635
0,UUCCCAUCCGAGUCAUCUAUCAUGAGUUCAGACAAGGUCCCUCCGUGAAUAUCAACACGGCUUGGCUGUGAGAUGCCCAUGAGACCAGAGCGACGUU,0.09278350515463918
0,GGGCGCCGCCAGUGCACUUCACGGGACAAGGAGUCCUCAUACCGCA,0.125
0,CGAUCACCAUUAAGCUUCCUCGCAG,0.10526315789473684
0,ACCUUGGUUUACAACC,0.07692307692307693
0,AUAUGCAAACUACAACUAGCUCAACUACAUUCGUAGGUACGACAUCUAUAAUAACCACCCGUAGGUGUAUCUACCUUAAC,0.1
0,AUGACAUUCAUAA,0.08955223880597014
0,AGCCUGGUGUGG,0.10344827586206896
0,CACAUGAAGUAUCCCCUUACACAUUAUAAAAGGCAUACGGGCUCCCGACCUAA,0.11940298507462686
0,AGCAGAUAC,0.08771929824561403
0,GGAUC,0.05263157894736842
0,GGUCACUGAAGGGUCGGCGGGGGGACACUAUUCUACGAGCUAACGCGGGUCGUUU,0.1076923076923077
0,GACCCUGGCUAGUCAUUUCCGCGUGUUACGUCGAUCGACUCACU,0.0821917808219178
0,CCUAUA,0.09090909090909091
0,CGAAGCCAGUCUUGUGCGAGC,0.08771929824561403
0,UAAAGCUGGGAUACAGCUUCUCUGCACCCACCACGUCAG,0.09375
0,CACAGGGGUACCGCUCUACUCCAGUGUUAACGCGAGAAAGGCUUCA,0.09375
0,GCGUUCACGUUUCAAAAAGAACCACCGACCUUGUAGAGUGGAAUUCAAUGUACACACGCAAAGAGCUCUCCA,0.1232876712328767
0,UUUAUGUCGAAACUAUCGAUGUAUCAAGCAGGCUUA,0.09230769230769231
0,AUGACAAAGGAUUGGCACUUUUUAAAGUUUACGACGAAUCUAGGAACGAGGUCCAGGCUUAC,0.10606060606060606
0,CAGUCGUUACUCUUUUAUAGCCUUCCGAGA,0.10526315789473684
0,UGUUCAGUAGCGUCAGCCGAGA,0.06896551724137931
0,UAGUUAA,0.10526315789473684
0,UGCCUUGACAACGCGUGACGCCACCCCGGACUGCUAUCAAUUGCAGUU,0.08771929824561403
0,UUAAUUAACUUUUGAGAGUCUUACAGCAAG,0.09375
0,GCUGCCACUCGGCGGAUCCCCCACCUUCACCGACCCGCGAGGUCGCGCUUUAGCGCCGUCCGGUACAAUUAUUUCUAAGA,0.1
0,CGACAAAGCCGUUUAUACGCACCUUGUGACCUGAAACGUCGUGUAGUAGUACCGGCCCCCAGACAG,0.0821917808219178
0,CCUUUCCCGAGAGUAAUGAAUUGGUAUCGAAAUAUCUAACUUGUGUCGUGGCAACCUCUAUGCAGUGAGUGGAG,0.08108108108108109
0,CCAUCUCUUCUGAUUAAACAGACAGACCCCCACGUAAAUUCUGGU,0.136986301369863
0,UCGGGCCUGGUGGAAAAUGACUUGAGUACACGCUUCGAUGGG,0.09375
0,UAGAAUAAGGUUCUGCUCGAAGUUGUGUCGGAUUGACGCGCGGACGGGCAAUGUCAGAUCCAGCUCCUGGUUAGGUUAUGACCAU,0.09411764705882353
0,GGAACUGGCAAUGC,0.09090909090909091
0,AGGAUGUGUGUCCGAGCACAACCGCCUACUCCUUUUUUGAACAAUCAAGCACAAAAGAGGCGUGAGCUUGAGCCGACAAGUCUUGCAGGGA,0.0989010989010989
0,GGACUGAGCUGACUCGUAUCGGGUGAGCCAUCUUGGGUUUCUCAUCGAGGCCUUCG,0.10606060606060606
0,UUAACUAUAUUAUGUACUCUUCAAAUUCUGGCGUAUCUUCUCGAACCGACCGCAAUUCGUAGCGAAGACUGGGCGUUGGUUACCCCCGGCCCU,0.07526881720430108
0,UGG,0.05263157894736842
0,GCCAGAUCCCUAAACAGCCUCCCCAGUUAACCAUUGAAUCACGUCCAUCUUG,0.078125
0,AAGAUCGGAUAGUUGACAGGUGUCUUCCUGGAUUACGACGUGCUCAU,0.12280701754385964
0,CUCGGAUCGGAUCAAAUCCUAGGGGGUCUAAUUCGC,0.10606060606060606
0,AUCCG,0.06060606060606061
0,AA,0.034482758620689655
0,AGCUCGGUAGAGCUUGGCGCCUUGCACCC,0.10606060606060606
0,GCACCUUACAUUCUCAAGGUCGGAUCAUCAUACAGUGCCACUCGUGUCGAAGC,0.0958904109589041
0,GUCAUAGCGGAUCCGGCCAAGUGUCUCUUUGGCUCAUUA,0.07246376811594203
0,CCGGUGACAUGCCAGGUCCCUCGGUUUUGACGCAGGGAAAUCCUAUACACCUCGUAGGCGCGACAUAUAACUGAAAAC,0.0989010989010989
0,CUGGGAUAGUAUGUCGUCUCAUUCUAUGGGAGCCCAAUGGCAGGUACAGUGGACGGACCUCCGGGCGAGUCACCCG,0.09210526315789473
0,CCAUCGCCAGCAAUAAGGGA,0.078125
0,AUAAUCAUCGCUUCGUCUCCGCAGCAACGGACAU,0.10526315789473684
0,CUACAGAUUACGA,0.08771929824561403
0,AGGUAGUUUCCUGCAUCAUUGCUUUCGUGAUCCCC,0.08771929824561403
0,ACUACACCCGGACGGAGUACAAUAGAGGGGGGAUUGCUCAUGGUGUGAGGACGACCGGUUUGACUGCUGGAGAUCGGAGGUGGAGUCGU,0.06741573033707865
0,ACCACUGCGAAGCC,0.08064516129032258
0,UCCUUGUUUCCAUACGAUCACAAUUCCCGGGCCAAAUGCGAAUGCACCUUAGAGGACCUUGCGCGCAGUUUUGUUUGCAGUUCCGCA,0.07692307692307693
0,UGGUUCGCUCG,0.078125
0,GACCGUGCCGUACGUAUAGAGGCGCAAUCGUGAACCGCCCGUCUCACGCACCGCUCGCGUUGGUGAACACCUUGGUUUGGGUUUCGUCACGGACUCC,0.08080808080808081
0,UCGACAGGACGUACACCUCAACGUUACGGUUGGCACCUCAGCUGCCAGGUGCUACGAGUAGAGUGGUGGGACUCUGCAUUCAAAGUGGUCGUCGGAUAAU,0.06
0,UAUGCUGAGUCCCGCGGUAAACGUCCGCUGGUUGCUUAGAUAAAACUCCUUC,0.12121212121212122
0,GAGGUCCUCA,0.09259259259259259
0,ACACCGCCGGCCCU,0.06593406593406594
0,UUC,0.05263157894736842
0,AUAUUAGCUUUAACGGCUGCCACUUAUGACUGAAUAGUUGCGGUCUUAGGGUAACCAUGGACAA,0.109375
0,GAUGUGAAACAAGAUUCAAGUACAUGGCAGAAAGACGGGGCUCUUCGAG,0.0958904109589041
0,AAGGUAGGUGCUGAAUCCACAUCGUUCCAGAAUCACAACUGAAAAAUAGCCGUGUUA,0.10526315789473684
0,AGGUUUAUUUGGUCCUCACGACCAAGUCAGCCGAUC,0.10144927536231885
0,AGCUAAACCGCCAUUCCGCAGGCAUUACACAUUGUCAAGAAA,0.09090909090909091
0,GUAAGGACAGUCAUUUAAUGUUAG,0.0821917808219178
0,UUGGUUGCUUCGCAGGAGCCACGCCCAUAUCUAACGUCGGAUUUGUGUUAUGGCGAAGAGAGGUACUUCAAUUUGUAAUA,0.10526315789473684
0,GCGAUUAUAAUCCAGCAGGCUGACGCGCGAAGUAAACCAGCAGCGUGUAUAGUAGG,0.10344827586206896
0,CUGCCCCUGUACUCCCCGGGGGUUACUUUUUUUAAGGAACCGGUAUGUAG,0.10144927536231885
0,CACCAUGGUAAUGCGUUCAGUGCCUCGCAAACGCCCCGGGGGCUGCGUAGUCUGUGCCUACAGGUCUACUCUACGUCUUCGCCCGCCUUUGGUA,0.06382978723404255
0,AAAUCUCCUACACGAUCCCUUUAAUAAGGGUUCAAUACCAUGGCCUCGAUACCUUAGCCGGCGUUGUGGCUGCGACGAUU,0.0875
0,GGCACGCAGGGCUAGAACCAGGAGCUUGACUCCAAGGCGGGUCG,0.078125
0,CGCACCAGCCCGUCACAUAAUUCUUAUCUUCUAUACCGCGUGAGCUCCU,0.12962962962962962
0,CUCCCACUCCG,0.0684931506849315
0,CCACUAUGGUCACGAAGGUGGUGGGUGGCUGUCCACCAACAUCCUGUCGGAACUCCAGACGGCCAGUG,0.0958904109589041
0,GCGCCUUAGCGUAAUGGUAGAGGCGCGAUGUGU,0.07462686567164178
0,ACCUAGUCUCUUAGGUGAUAGUCCCUAUUAGACUGUAGAACUAGUAUGAGAUUGGUCCCUAACGCGGU,0.0821917808219178
0,GCUGGCCUAGUCUUAAAUACAUAAUACACGCUCUUUGUCAGUUCUUAAGUACCGAAUCAUCACAAAAUU,0.13043478260869565
0,ACCAACUACACCUAGG,0.078125
0,AGCCGCAAUGAAAG,0.09375
0,UCGUCGAAC,0.09230769230769231
0,UGAGGGAAAACGUAAAGCUCAACGUAUCCC,0.1095890410958904
0,GCAGGUGGACGACAUGGCGGGGACAUUCCAAUAAAA,0.08620689655172414
0,CAUGCCCCUCAGCCCAAUAUUGAUUUCUUUG,0.13793103448275862
0,GAGAGUAGUCAUCGAGGGAU,0.12280701754385964
0,ACUACAUCCUAUGAAAGAGGACGAUGGCCCCGCAUGUCUGGCAGAGCUCCUGUACCAAUCAUACGUA,0.0958904109589041
0,GGGAUUGGGUUAUGGCUCAUAUUCCAAGCAGGUGCCUUAUGUGUACUUUAGGUCACUCUGUUGUAGCACAUUUUCGAACACGGAACCGCACCCCUGGC,0.08163265306122448
0,GGCAGCCAAAUGGCAGAACACUUCGUGACGGACC,0.09090909090909091
0,CGUGCAUGUUCAUG,0.07692307692307693
0,GGGCUAUUGGAGCGUAUCUUCAGAUUACAGACCCGGGGGUUGUAGAUG,0.15517241379310345
0,AUGAUCCGUCGUCAGGUGUGUUGCGUGACGACACUUG,0.09090909090909091
0,ACCAAUAAGCUUCAGGUU,0.12280701754385964
0,AAUACAGACCUACUUUACG,0.08771929824561403
0,CAGUAGAGAACCUCUUGAGCACCUUACGAGAAAACUGAAUCACCUU,0.0967741935483871
0,UGGGCAGGUUACGCUGAAAAAAUACUGGUGCGUUAAUAGGGGUACUUCCUUAGCGUAUUAACACGGGAUCCUUACUGCGUCGUCC,0.08235294117647059
0,CCUGGAACUCGA,0.078125
0,AUAAUAACACCUGAUGGCCGGAUACGACCAAAUUAAGAGGAUACUACAACUUCCUUAAACGCAACACACUGUAGGAAGA,0.10126582278481013
0,AAGAUACGGGCACGCUAUAGGCGGCUAAAAAACGCAUGCCUAGUAGCGAGCACGACGGGCCUGGCAACGUCAGUCUUGGUCGGGAUAUGAAAA,0.11827956989247312
0,GAUUGGCGUACGCAGUAUCUGUCCCGAAAGCAAAAACCAAACGCAAGGCUUCCGAGGAAACUGAUACGUAAGCAUAAACAA,0.08641975308641975
0,ACACUCAAGGAUUCAGCCAGGUGAUUUGGAAAUGCCCUACUUAGCCCGGGAG,0.109375
0,UCUGUCCAAAAUCGCAACCGGGUGCCGCGGAAUCACAUUCAAUCCUGGGAUCACCGUAGUGGUUGCAACCCGCGAUACUAUUCACGAGAU,0.12222222222222222
0,UCGGUUUGAGGAAGAUGAUCAGU,0.10526315789473684
0,UCUCGCGAAACUCAAUGUCUUCCUGAGUUUCUGCAUUGGGUGUGGAUAAGACCGU,0.12280701754385964
0,AUUACG,0.08771929824561403
0,CAUGUAAUUGCAAUGCUGGUAUUAGAUGAUACAUACUGAUUC,0.109375
0,AGGCCGUUUUCCGCCGGGUAAGUCUGGGUGUGUGGCAUGCCCAUGGCGCCAGGGCCA,0.10606060606060606
